FED;FEDfull;Ambiguity.D;Length.L;Length.W;Emovalsq;Emoval;Arousal;Familiarity;Sem.transp;Figurative;Concrete;Ambig;Confidence
afdBrrkdg;auf die Barrikaden gehen;1;21;4;2,814285714;0,185714286;4,271428571;3,571428571;3,671428571;4,828571429;3,771428571;0,457142857;4,957142857
afdmAbstk;auf dem Absatz kehrtmachen;1;23;4;1,426470588;0,132352941;3,382352941;3,279411765;3;5,147058824;3,411764706;0,220588235;4,5
afdmflsDs;auf dem falschen Dampfer sein;1;25;5;2,857142857;-0,885714286;4,128571429;4,271428571;3,742857143;5,171428571;3,7;0,542857143;4,914285714
afdmHlzws;auf dem Holzweg sein;1;17;4;2,985915493;-0,985915493;3,76056338;4,521126761;3,746478873;5,577464789;3,535211268;0,38028169;5,112676056
afdmOhrts;auf dem Ohr taub sein;1;17;5;3,565217391;-0,985507246;3,811594203;4,217391304;4,47826087;3,782608696;3,884057971;0,623188406;4,753623188
afdmTrcks;auf dem Trockenen sitzen;1;21;4;3,147058824;-0,176470588;3,470588235;4,235294118;4,014705882;4,441176471;4,25;0,544117647;4,691176471
afdmZhnfg;auf dem Zahnfleisch gehen;0;22;4;4,388888889;-1,222222222;4,166666667;3,388888889;2,972222222;5,333333333;3,458333333;0,236111111;4,819444444
afdnPnktk;auf den Punkt kommen;0;17;5;2,450704225;0,873239437;3,408450704;5,267605634;3,901408451;4,802816901;3,14084507;0,338028169;5,056338028
afdrAnkls;auf der Anklagebank sitzen;1;23;4;4,084507042;-1,408450704;3,816901408;3,647887324;4,267605634;3,830985915;4,309859155;0,591549296;4,830985915
afdrBrnhl;auf der Bärenhaut liegen;1;21;4;3,043478261;-0,52173913;3,304347826;3,695652174;2,956521739;5,043478261;3,884057971;0,507246377;5,086956522
afdrHndlg;auf der Hand liegen;1;16;4;2,086956522;0,376811594;3,449275362;4,666666667;3,869565217;4,956521739;4,202898551;0,594202899;5,565217391
afdrStrss;auf der Straße sitzen;1;18;4;4,842857143;-1,157142857;3,371428571;4,471428571;4,1;3,485714286;3,971428571;0,685714286;5,471428571
afegnnFss;auf eigenen Füßen stehen;1;21;4;5,420289855;1,855072464;3,782608696;5,420289855;4,869565217;4,420289855;4,420289855;0,68115942;5,420289855
afennSprh;auf einen Sprung hereinkommen;0;26;4;2,289855072;0,52173913;3,391304348;4,173913043;3,739130435;4,826086957;3,115942029;0,376811594;5,028985507
afenrWlls;auf einer Wellenlänge sein;1;23;4;5,253521127;1,845070423;3,915492958;5,267605634;3,718309859;4,676056338;3,281690141;0,267605634;5,295774648
afgkrtzts;aufgekratzt sein;1;15;2;3,529411765;-0,117647059;4,397058824;4,205882353;3,352941176;4,735294118;3,397058824;0,397058824;4,382352941
afgrssmFl;auf großem Fuß leben;1;17;4;4,1;0,442857143;3,585714286;4,3;3,871428571;5,057142857;3,728571429;0,285714286;5,371428571
afhssnKhs;auf heißen Kohlen sitzen;1;21;4;3,144927536;0,014492754;4,202898551;3,826086957;3,985507246;4,942028986;3,623188406;0,492753623;5,086956522
afKlngkth;auf Kleinigkeiten herumreiten;0;27;3;3,214285714;-0,871428571;4,014285714;4,685714286;3,885714286;5,142857143;3,757142857;0,185714286;5
afsAbstgw;aufs Abstellgleis geschoben werden;1;31;4;4,117647059;-1,117647059;4,235294118;3,970588235;3,838235294;4,735294118;3,838235294;0,382352941;4,779411765
afsflscPs;aufs falsche Pferd setzen;1;22;4;4,014285714;-1,185714286;3,628571429;4,242857143;3,771428571;4,857142857;4,228571429;0,557142857;5,042857143
afsGnzghn;aufs Ganze gehen;0;14;3;3,338028169;1,056338028;4,802816901;5,23943662;4,408450704;4,549295775;4;0,225352113;5,211267606
afWlksbns;auf Wolke sieben schweben;0;22;4;7,291666667;2,291666667;4,875;5,555555556;4,444444444;4,986111111;3,319444444;0,152777778;5,541666667
afzwHchzt;auf zwei Hochzeiten tanzen;1;23;4;3,085714286;0,228571429;3,5;3,214285714;3,285714286;4,528571429;3,642857143;0,5;4,642857143
Agnwschrb;Augenwischerei betreiben;1;23;2;3,768115942;-0,927536232;3,782608696;3,188405797;3,188405797;4,768115942;3,52173913;0,072463768;4,739130435
allHnvzth;alle Hände voll zu tun haben;1;23;6;2,267605634;-0,492957746;3,690140845;5,61971831;4,830985915;3,253521127;4,295774648;0,661971831;5,267605634
allRgstrz;alle Register ziehen;1;18;3;2,705882353;0,970588235;3,911764706;4,058823529;3,279411765;4,852941176;3,808823529;0,426470588;4,926470588
allsafdKs;alles auf den Kopf stellen;1;22;5;2,695652174;-0,782608696;4,31884058;4,753623188;4,202898551;4,768115942;3,884057971;0,362318841;5,275362319
allsfrdKs;alles für die Katz sein;1;19;5;3,376811594;-0,652173913;3,84057971;3,623188406;2,782608696;4,855072464;3,47826087;0,260869565;4,985507246
allsubdHw;alles über den Haufen werfen;1;24;5;4,85915493;-1,535211268;4,535211268;5,070422535;4,323943662;5,070422535;3,788732394;0,774647887;5,042253521
allsuneDb;alles unter ein Dach bringen;1;24;5;3,084507042;1,197183099;3,661971831;4,661971831;3,929577465;5,098591549;3,802816901;0,633802817;4,732394366
allsuneHb;alles unter einen Hut bringen;1;25;5;3,585714286;0,871428571;3,485714286;4,457142857;3,6;4,814285714;3,742857143;0,385714286;4,785714286
alsKzhgws;als Kind zu heiß gebadet worden sein;1;30;7;3,565217391;-1,130434783;3,985507246;4,115942029;3,304347826;5,507246377;3,956521739;0,463768116;4,811594203
altKmllwh;alte Kamellen wieder hervorkramen;1;30;4;2,925373134;-0,507462687;3,805970149;3,23880597;3,432835821;4,865671642;3,611940299;0,268656716;4,835820896
altRchnnb;alte Rechnungen begleichen;1;24;3;3,179104478;0,701492537;4,313432836;4,835820896;4,388059701;4,686567164;3,985074627;0,597014925;5,104477612
amArscdWw;am Arsch der Welt wohnen;0;20;5;3,436619718;-1,183098592;3,957746479;4,464788732;4,154929577;5,323943662;3,661971831;0,084507042;5,338028169
amEnddrWw;am Ende der Welt wohnen;0;19;5;2,549295775;-0,492957746;3,802816901;4,535211268;4,253521127;4,845070423;3,591549296;0,14084507;5,507042254
amEndsnGs;am Ende seiner Geduld sein;0;22;5;4,757142857;-1,471428571;4,585714286;5,671428571;5,342857143;4,142857143;3,871428571;0,471428571;5,2
amRckzpfh;am Rockzipfel hängen;1;18;3;2,695652174;-0,666666667;3,739130435;3,362318841;3,913043478;5;3,52173913;0,347826087;5,333333333
andDckghn;an die Decke gehen;0;15;4;3,782608696;-1,086956522;4,768115942;4,637681159;3,84057971;5,115942029;3,623188406;0,449275362;5,101449275
andnHrnhs;an den Haaren herbeigezogen sein;1;28;5;3,188405797;-0,52173913;3,942028986;4,289855072;3,536231884;4,47826087;3,942028986;0,333333333;5,260869565
andnKlppg;an den Klapperstorch glauben;1;25;4;2,253521127;-0,253521127;3,507042254;2,901408451;3,704225352;4,676056338;3,549295775;0,478873239;4,478873239
andrMtrth;an der Matratze horchen;1;20;4;2,925373134;0,47761194;3,597014925;3,731343284;3,328358209;4,507462687;3,925373134;0,388059701;4,895522388
andrStrph;an der Strippe hängen;1;18;4;2,434782609;-0,347826087;3,68115942;3,782608696;3,115942029;5,188405797;3,637681159;0,362318841;4,869565217
anjmndsLh;an jemandes Lippen hängen;0;22;4;2,405797101;0,144927536;3,739130435;4;3,260869565;4,942028986;3,652173913;0,246376812;4,768115942
ansBttgfs;ans Bett gefesselt;1;16;3;3,5;-0,985714286;4;4,728571429;4,585714286;3,971428571;4;0,685714286;5,2
ApflmtBrv;Äpfel mit Birnen vergleichen;1;25;4;1,671232877;-0,328767123;3,219178082;4,301369863;4,082191781;4,136986301;4,287671233;0,904109589;5,506849315
asallnWlf;aus allen Wolken fallen;0;20;4;3,385714286;-0,128571429;4,271428571;4,557142857;3,614285714;5,114285714;2,871428571;0,285714286;5,328571429
asdmGrbhs;aus dem Gröbsten heraus sein;0;24;5;3,185714286;0,614285714;3,771428571;3,714285714;3,885714286;4,428571429;3,971428571;0,185714286;5,342857143
asdmHschs;aus dem Häuschen sein;1;18;4;4,25;0,944444444;5,333333333;5,180555556;4,375;5,180555556;3,388888889;0,430555556;5,486111111
asdmNhksp;aus dem Nähkästchen plaudern;0;25;4;2,550724638;-0,057971014;3,536231884;3,753623188;3,202898551;5,246376812;3,202898551;0,101449275;5,376811594
asdrHtfhr;aus der Haut fahren;0;16;4;3,521126761;-0,422535211;4,718309859;3,647887324;3,704225352;5,338028169;3,746478873;0,14084507;5,183098592
asenrMeEm;aus einer Mücke einen Elefanten machen;0;33;6;3,647887324;-1,084507042;4,38028169;5,492957746;3,957746479;5,211267606;3,197183099;0,14084507;5,845070423
asjmndmKm;aus jemandem Kleinholz machen;0;26;4;5,357142857;-1,757142857;4,614285714;5,142857143;4,228571429;4,857142857;3,7;0,185714286;5,228571429
assrschsn;außer sich sein;0;13;3;4,109589041;-1,068493151;4,97260274;5,616438356;5,02739726;4,301369863;4,04109589;0,479452055;5,191780822
asvllmHll;aus vollem Hals lachen;0;19;4;5,385714286;1,328571429;4,557142857;4,614285714;5;3,928571429;4,157142857;0,328571429;5,114285714
aufdPakhn;auf die Pauke hauen;1;16;4;2,710144928;0,565217391;4,130434783;3,594202899;3,188405797;4,884057971;3,507246377;0,376811594;4,710144928
bjmndieSl;bei jemandem ist eine Schraube locker;1;32;6;4,471428571;-1,385714286;4,357142857;5,342857143;3,885714286;5,214285714;3,885714286;0,385714286;5,157142857
bjmndmabb;bei jemandem abblitzen;0;20;3;3,6;-0,571428571;4,385714286;4,657142857;4,385714286;4,542857143;3,485714286;0,171428571;5,128571429
bjmndmanc;bei jemandem anecken;0;18;3;3,275362319;-0,52173913;3,579710145;2,942028986;3,405797101;4,405797101;3,811594203;0,31884058;4,565217391
bjmndmAnf;bei jemandem Anklang finden;0;24;4;3,382352941;1,294117647;3,647058824;3,897058824;3,470588235;4,911764706;3,897058824;0,338235294;4,75
bjmndmvrh;bei jemandem verspielt haben;0;25;4;3,739130435;-1,101449275;4,057971014;4,115942029;3,971014493;4,594202899;3,260869565;0,275362319;4,739130435
bjmneSiBh;bei jemandem einen Stein im Brett haben;1;33;7;3,367647059;0,691176471;4,088235294;3,632352941;3,294117647;5,220588235;3,470588235;0,25;4,632352941
bjmniHuMv;bei jemandem ist Hopfen und Malz verloren;0;35;7;3,857142857;-1,371428571;3,685714286;2,828571429;2,942857143;5,114285714;3,514285714;0,228571429;4,385714286
Bkltzstnn;Bauklötze staunen;0;16;2;1,463768116;0,072463768;4,057971014;3,275362319;3,202898551;4,652173913;3,985507246;0,144927536;4,637681159
bknnwebHs;bekannt wie ein bunter Hund sein;0;27;6;2,117647059;0,558823529;3,705882353;3,75;3,764705882;4,691176471;3,058823529;0,220588235;4,852941176
blamachen;blau machen;0;10;2;3,289855072;-0,971014493;3,855072464;4;3,202898551;4,942028986;3,115942029;0,289855072;4,449275362
blssvrNds;blass vor Neid sein;0;16;4;4,056338028;-1,211267606;4,971830986;4,943661972;4,366197183;4,563380282;3,887323944;0,323943662;4,915492958
BltundWss;Blut und Wasser schwitzen;0;22;4;4,028985507;-1,101449275;4,695652174;4,188405797;3,84057971;4,826086957;3,594202899;0,202898551;4,579710145
bmerstnHa;beim ersten Hahnenschrei aufstehen;1;31;4;2,928571429;0,728571429;3,414285714;4;4,328571429;4,171428571;3,342857143;0,585714286;5,285714286
bsindPpps;bis in die Puppen schlafen;0;22;5;2,142857143;0,057142857;3,2;3,1;3,3;4,985714286;3,457142857;0,1;5,042857143
BssimSchf;Böses im Schilde führen;0;20;4;5,746478873;-1,802816901;4,028169014;5;4,690140845;3,802816901;3,647887324;0,154929577;4,915492958
bsubdOiSs;bis über die Ohren in Schulden stecken;0;32;7;6,450704225;-1,690140845;4,704225352;4,676056338;4,098591549;4,746478873;3,492957746;0,154929577;5,366197183
bsubrbdOg;bis über beide Ohren grinsen;0;24;5;6,542857143;1,628571429;4,9;4,8;4,742857143;4,5;4,042857143;0,228571429;5,371428571
bsubrbOvs;bis über beide Ohren verliebt sein;0;29;6;7,057142857;1,942857143;5,4;5,657142857;4,357142857;4,5;4,4;0,114285714;5,2
dArmlhchk;die Ärmel hochkrempeln;1;20;3;3,3;1,271428571;3,657142857;4,571428571;4,128571429;4,342857143;4,171428571;0,614285714;4,971428571
dasWtschn;das Weite suchen;0;14;3;3,5;0,071428571;3,928571429;4,742857143;4,114285714;4,071428571;3,642857143;0,257142857;5,3
dBnindHnn;die Beine in die Hand nehmen;1;23;6;2,214285714;0,557142857;3,657142857;3,542857143;3,614285714;4,942857143;4,042857143;0,557142857;5,042857143
dbttrPlls;die bittere Pille schlucken;1;24;4;3,442857143;-1,071428571;3,871428571;4;4,157142857;4,571428571;3,814285714;0,642857143;5,142857143
dckFrndsn;dicke Freunde sein;1;16;3;7,605633803;2,535211268;4,211267606;5,464788732;4,084507042;4,816901408;3,492957746;0,563380282;5,352112676
dDngrchtg;die Dinge richtigstellen;1;22;3;4,958333333;1,736111111;3,097222222;4,972222222;5,125;4,097222222;3,597222222;0,805555556;4,694444444
dEhrlciPs;die Ehrlichkeit in Person sein;0;26;5;6,263888889;1,986111111;4,291666667;4,319444444;5,152777778;4,013888889;3,694444444;0,472222222;5,541666667
dFligmchn;die Fliege machen;0;15;3;1,913043478;-0,202898551;2,942028986;4,768115942;3,405797101;5,144927536;3,434782609;0,144927536;5,202898551
dFrssplrn;die Fresse polieren;0;17;3;4,957746479;-1,154929577;4,830985915;4,676056338;3,478873239;5,056338028;3,661971831;0,323943662;5,098591549
dFsshchlg;die Füße hochlegen;1;16;3;2,61971831;0,535211268;3,056338028;4,661971831;4,197183099;3,366197183;4,352112676;0,901408451;5
dFssngvrl;die Fassung verlieren;1;19;3;5,014285714;-1,471428571;4,928571429;4,928571429;4,257142857;4,371428571;3,228571429;0,257142857;5,057142857
dggniskKg;dagegen ist kein Kraut gewachsen;1;28;5;2,585714286;-0,757142857;3,171428571;3,085714286;3,157142857;5,171428571;3,271428571;0,328571429;5,171428571
dgnzNckAz;die ganze Nacht kein Auge zumachen;1;29;6;2,309859155;-0,957746479;4,154929577;5,450704225;5,338028169;3,169014085;4,887323944;0,647887324;5,535211268
dHivSidHg;das Herz ist vor Schreck in die Hose gerutscht;0;38;9;3;-1,028985507;4,971014493;5,144927536;4,130434783;5,028985507;3,971014493;0,15942029;5,057971014
dHndindSl;die Hände in den Schoß legen;1;23;6;2,1;-0,185714286;3,414285714;4,185714286;3,528571429;4,414285714;3,771428571;0,628571429;4,957142857
dHsnvllhb;die Hosen voll haben;1;17;4;4,61971831;-1,211267606;4,436619718;5,366197183;4,14084507;4,816901408;4,352112676;0,549295775;5,352112676
dKckistaD;die Kacke ist am Dampfen;1;20;5;3,785714286;-1,071428571;4,357142857;3,885714286;3,628571429;5,014285714;3,257142857;0,2;4,871428571
dKrchimDl;die Kirche im Dorf lassen;0;21;5;2,514285714;0,514285714;3,357142857;3,4;3,342857143;5,314285714;3,014285714;0,271428571;4,914285714
dKrschaSs;die Kirsche aufs Sahnehäubchen setzen;1;33;5;4,274193548;1,338709677;3,838709677;3,806451613;4,016129032;4,725806452;4,258064516;0,661290323;5,080645161
dKrtnoffl;die Karten offen legen;1;19;4;2,890410959;1,191780822;3,452054795;5,342465753;4,890410959;4,095890411;4,123287671;0,767123288;5,369863014
dKtzasdSl;die Katze aus dem Sack lassen;1;24;6;2,275362319;0,420289855;4,043478261;4,695652174;3,550724638;4,971014493;3,608695652;0,652173913;5,289855072
dKtzimSck;die Katze im Sack kaufen;1;20;5;2,652777778;-0,263888889;3,791666667;4,736111111;3,333333333;5,430555556;3,541666667;0,5;4,805555556
dmmwBhnns;dumm wie Bohnenstroh sein;0;22;4;6,142857143;-1,914285714;4,657142857;4,457142857;4,771428571;4,128571429;3,442857143;0,114285714;5,171428571
dmmwBrtsn;dumm wie Brot sein;0;15;4;6,057142857;-2,057142857;4,314285714;4,571428571;3,571428571;4,871428571;2,928571429;0,1;5,2
dmTdenScs;dem Tod ein Schnippchen schlagen;0;28;5;2,647058824;0,911764706;3,985294118;3,308823529;3,088235294;5,220588235;3,235294118;0,102941176;4,382352941
dmTdinsAb;dem Tod ins Angesicht blicken;0;25;5;5,625;-1,458333333;4,777777778;4,805555556;4,333333333;4,708333333;3,736111111;0,222222222;4,902777778
dmTdvndSs;dem Tod von der Schippe springen;0;27;6;4,309859155;0,929577465;4,605633803;3,676056338;3,647887324;5,267605634;3,394366197;0,098591549;5,225352113
dmWntchtz;dem Wein tüchtig zusprechen;1;24;4;2,709677419;0,225806452;3,306451613;3,806451613;3,467741935;5,322580645;4,080645161;0,258064516;4
dnBckzmGm;den Bock zum Gärtner machen;0;23;5;2,565217391;-0,536231884;2,898550725;2,971014493;3,449275362;4,797101449;3,782608696;0,188405797;4,84057971
dnBdnudFv;den Boden unter den Füßen verlieren;1;30;6;4,275362319;-1,260869565;4,405797101;4,913043478;3,985507246;4,724637681;3,623188406;0,52173913;5,173913043
dnBrtnrch;den Braten riechen;1;16;3;3,287671233;0,273972603;4,123287671;4,424657534;4,082191781;4,712328767;4,342465753;0,931506849;4,945205479
DnchkrkHm;Danach kräht kein Hahn mehr;0;23;5;2,855072464;-0,594202899;3,405797101;3,420289855;3,855072464;4,956521739;3,565217391;0,449275362;4,971014493
dNcknhrst;die Nackenhaare sträuben;1;22;3;2,782608696;-0,753623188;4,260869565;3,405797101;3,52173913;4,666666667;3,565217391;0,333333333;5
dnDmnidWd;den Daumen in die Wunde drücken;1;26;6;4,188405797;-0,420289855;4,231884058;3,869565217;3,608695652;4,826086957;3,971014493;0,579710145;4,623188406
dnFdnvrlr;den Faden verlieren;1;17;3;2,666666667;-0,777777778;3,444444444;5,319444444;3,930555556;4,916666667;3,486111111;0,541666667;5,166666667
dnFlttrmb;den Flattermann bekommen;0;22;3;2,657142857;-0,514285714;4,057142857;3,714285714;3,357142857;4,814285714;3,628571429;0,242857143;5,171428571
dnGrtlens;den Gürtel enger schnallen;1;23;4;2,275362319;-0,130434783;3,623188406;4,391304348;3,52173913;4,608695652;3,449275362;0,695652174;5,057971014
dnHtnhmnm;den Hut nehmen müssen;1;18;4;3,411764706;-0,676470588;3,705882353;3,397058824;3,044117647;4,823529412;3,794117647;0,676470588;5,235294118
dnKpfidWh;den Kopf in den Wolken haben;0;23;6;2,563380282;0,14084507;3,76056338;4,507042254;4;5,464788732;3,633802817;0,154929577;5,112676056
dnKpfnchl;den Kopf nicht hängen lassen;1;24;5;4,746478873;1,366197183;4,690140845;5,197183099;4,915492958;4,690140845;3,830985915;0,690140845;5,112676056
dnKpfvrlr;den Kopf verlieren;0;16;3;4,943661972;-0,915492958;4,746478873;5,352112676;4,23943662;4,478873239;3,478873239;0,267605634;5,014084507
dnKpfwndh;den Kopf woanders haben;0;20;4;1,436619718;-0,478873239;3,422535211;4,605633803;4,521126761;4,774647887;3,309859155;0,154929577;4,915492958
dnKrradDz;den Karren aus dem Dreck ziehen;1;26;6;3,84057971;1,231884058;3,956521739;3,913043478;4,086956522;4,043478261;3,797101449;0,579710145;5,246376812
dnKrridDf;den Karren in den Dreck fahren;1;25;6;4,38028169;-1,507042254;4;3,521126761;3,718309859;4,464788732;4,042253521;0,549295775;4,816901408
dnKrzrnzh;den Kürzeren ziehen;1;17;3;3,885714286;-1;4,042857143;5,285714286;3,928571429;4,814285714;3,671428571;0,414285714;5,114285714
dnLdnschm;den Laden schmeißen;0;17;3;4,647887324;0,788732394;4,126760563;5,070422535;3,647887324;4,690140845;3,478873239;0,253521127;4,873239437
dnLfflabg;den Löffel abgeben;1;16;3;6,623188406;-1,724637681;4,47826087;4,724637681;3,536231884;5,086956522;3,536231884;0,637681159;5,739130435
dnMndncha;den Mund nicht aufbekommen;1;23;4;2,549295775;-0,38028169;3,38028169;4,718309859;4,464788732;4,098591549;3,830985915;0,521126761;5,338028169
dnNgladKt;den Nagel auf den Kopf treffen;1;25;6;3,944444444;1,472222222;3,958333333;5,5;4;4,763888889;4,305555556;0,597222222;5,5
dnrchtgTf;den richtigen Ton finden;1;21;4;4,130434783;1,52173913;3,811594203;4,391304348;4,028985507;4,391304348;3,898550725;0,550724638;5,173913043
dnRtstfta;den Rotstift ansetzen;1;19;3;1,897058824;-0,044117647;3,5;2,897058824;3,573529412;4,514705882;3,455882353;0,485294118;4,602941176
dNrvnvrlr;die Nerven verlieren;0;18;3;6,814285714;-1,928571429;5,057142857;5,642857143;4,557142857;4,185714286;3,414285714;0,142857143;5,314285714
dnSchliNh;den Schalk im Nacken haben;1;22;5;3,485714286;-0,028571429;4;3,042857143;3,028571429;5,057142857;3,785714286;0,142857143;4,242857143
dnSchnblh;den Schnabel halten;1;17;3;2,6;-0,171428571;3,785714286;5,1;4,157142857;4,8;3,642857143;0,542857143;5,6
dnSchwnze;den Schwanz einziehen;1;19;3;3,6;-0,942857143;4,085714286;4,685714286;3,628571429;4,971428571;3,828571429;0,385714286;5,185714286
dnStrbdHp;den Stier bei den Hörnern packen;1;27;6;3,638888889;0,611111111;3,833333333;4,541666667;3,486111111;4,736111111;3,708333333;0,541666667;4,694444444
dNsvllhbn;die Nase voll haben;1;16;4;3,391304348;-0,927536232;4,579710145;5,260869565;4,028985507;4,956521739;3,884057971;0,637681159;5,173913043
dnTfladWm;den Teufel an die Wand malen;1;23;6;5,573529412;-1,485294118;4,735294118;4,705882353;3,5;5,014705882;3,720588235;0,588235294;5
dnTflimLh;den Teufel im Leib haben;0;20;5;5,211267606;-1,577464789;4,535211268;4,028169014;4,014084507;5,464788732;3,732394366;0,098591549;4,971830986
dnVglabsc;den Vogel abschießen;1;18;3;3,391304348;-0,115942029;4,31884058;3,855072464;3,913043478;5,347826087;3,579710145;0,507246377;4,608695652
dOhrnsptz;die Ohren spitzen;0;15;3;2,028169014;0,478873239;3,507042254;4,76056338;3,605633803;5,098591549;3,422535211;0,169014085;5,38028169
drchgknls;durchgeknallt sein;0;17;2;4,76056338;-1,126760563;4,422535211;5,661971831;5,183098592;3,633802817;3,323943662;0,408450704;5,211267606
DrckamSth;Dreck am Stecken haben;1;19;4;5,957746479;-1,901408451;4,563380282;4,802816901;3,774647887;4,774647887;3,422535211;0,338028169;5,464788732
drGrschig;der Groschen ist gefallen;1;22;4;2,126760563;0,211267606;3,450704225;4,309859155;3,915492958;4,605633803;3,690140845;0,591549296;4,61971831
drMhebidK;der Magen hängt einem bis in die Kniekehlen;0;36;8;2,695652174;-0,492753623;3,826086957;4,275362319;3,637681159;4,971014493;3,84057971;0,086956522;5,014492754
drMwadGgs;der Mutter wie aus dem Gesicht geschnitten sein;0;40;8;2,828571429;0,857142857;3,357142857;5,342857143;4,685714286;4,614285714;4,671428571;0,242857143;5,614285714
drnglbnms;dran glauben müssen;1;17;3;5,114285714;0;4,428571429;5,2;4,2;4,728571429;3,242857143;0,485714286;5,285714286
drSgiszGn;der Sieg ist zum Greifen nah;0;23;6;4,558823529;1,735294118;4,367647059;5,220588235;4,279411765;4,705882353;4,220588235;0,161764706;5,235294118
drStmmsHf;der Stimme seines Herzens folgen;0;28;5;6,84057971;2,173913043;4,84057971;5,579710145;4,246376812;5,47826087;3,927536232;0,130434783;5,057971014
dsBlvmHmv;das Blaue vom Himmel versprechen;0;28;5;2,985507246;-0,289855072;4,014492754;3,623188406;3,68115942;4,695652174;3,768115942;0,130434783;5,188405797
dsBtthtnm;das Bett hüten müssen;0;18;4;3,246376812;-0,898550725;3,666666667;4,144927536;3,434782609;4,84057971;3,768115942;0,434782609;4,927536232
DSchhtenH;Die Sache hat einen Haken;1;21;5;2,690140845;-0,577464789;4,098591549;4,873239437;4;4,915492958;3,535211268;0,549295775;5,042253521
dsEsbrchn;das Eis brechen;1;13;3;3,47826087;1,217391304;4,188405797;5,057971014;4,304347826;4,971014493;4,391304348;0,710144928;5,579710145
dsGrswchh;das Gras wachsen hören;0;19;4;2,957142857;0,385714286;3,071428571;4,128571429;3,428571429;5,057142857;3,928571429;0,042857143;4,685714286
dsGschtvr;das Gesicht verziehen;1;19;3;2,588235294;-0,735294118;3,573529412;4,25;3,970588235;4;3,779411765;0,529411765;4,676470588
dsGspriGh;das Gespräch in Gang halten;0;23;5;3,763888889;1,263888889;3,027777778;4,777777778;4,916666667;4;4,5;0,472222222;5,083333333
dsHndtchw;das Handtuch werfen;1;17;3;4,742857143;-0,914285714;4,328571429;5,257142857;4,042857143;5,071428571;4,028571429;0,742857143;5,285714286
dsHrzadZt;das Herz auf der Zunge tragen;0;24;6;3,826086957;1,072463768;3,956521739;4,289855072;3,797101449;5,405797101;3,579710145;0,15942029;5,014492754
DsistBnn!;Das ist Banane!;0;13;3;2,514285714;-0,142857143;4,014285714;4,328571429;3,571428571;4,871428571;3,314285714;0,557142857;5,3
DsistdckB;Das ist doch kein Beinbruch;1;23;5;2,253521127;0,61971831;3,563380282;3,985915493;3,647887324;4,85915493;3,985915493;0,61971831;5,549295775
DsistenbK;Das ist eine brotlose Kunst;0;23;5;2,420289855;-0,507246377;3,565217391;3,130434783;3,869565217;5,086956522;3,52173913;0,130434783;4,913043478
dsisteSiW;das ist ein Schlag ins Wasser;1;24;6;3,772727273;-1,045454545;3,909090909;4,181818182;3,575757576;4,212121212;3,560606061;0,53030303;4,96969697
DsistknKn;Das ist keine Kunst;1;16;4;1,929577465;-0,098591549;3,676056338;4,422535211;4,605633803;3,985915493;4,028169014;0,549295775;4,957746479
dsistknPw;das ist keinen Pfifferling wert;1;27;5;3,791666667;-1,347222222;3,375;3,916666667;4,930555556;3,888888889;3,527777778;0,430555556;4,861111111
Dsklngsfj;Das klingt spanisch für jemanden;1;28;5;2,771428571;-0,285714286;3,371428571;4,571428571;3,842857143;4,714285714;3,914285714;0,628571429;4,9
dsKndbmNn;das Kind beim Namen nennen;1;22;5;2,307692308;0,830769231;3,292307692;3,492307692;3,830769231;4,384615385;4,369230769;0,661538462;4,830769231
dSlbmlnls;die Seele baumeln lassen;0;21;4;5,986111111;1,708333333;4,097222222;3,583333333;3,236111111;5,833333333;3,069444444;0,125;4,638888889
dsLchtdWe;das Licht der Welt erblicken;1;24;5;4,471428571;1,557142857;4,085714286;5,028571429;4,142857143;3,985714286;4,614285714;0,371428571;5,471428571
dsPfrdvha;das Pferd von hinten aufzäumen;1;26;5;3,830985915;-0,816901408;3,352112676;2,915492958;3,281690141;4,76056338;3,830985915;0,61971831;4,577464789
dSppaslfk;die Suppe auslöffeln können;1;24;4;3,485294118;1,014705882;3,441176471;4,205882353;4,102941176;4,897058824;3,897058824;0,573529412;5,088235294
dSprchwdr;die Sprache wiederfinden;0;22;3;3,333333333;0,898550725;2,942028986;3,768115942;4,130434783;3,985507246;3,434782609;0,391304348;4,289855072
dsRddrZtz;das Rad der Zeit zurückdrehen;0;25;5;1,529411765;0,323529412;2,823529412;4,25;4,014705882;4,735294118;3,720588235;0,073529412;5,147058824
dsRdnchne;das Rad nicht neu erfinden;1;22;5;2,47826087;-0,014492754;3,217391304;3,594202899;3,68115942;3,985507246;4,014492754;0,420289855;5,376811594
dsRtslsLs;des Rätsels Lösung suchen;1;22;4;1,943661972;0,647887324;2,887323944;3,732394366;4,056338028;3,957746479;3,929577465;0,690140845;4,169014085
dsSchlsss;das Schlusslicht sein;0;19;3;2,227272727;0,136363636;3,772727273;3,606060606;3,803030303;5,015151515;3,606060606;0,075757576;5,303030303
dsTpfadis;das Tüpfelchen auf das i setzen;1;26;6;3,957746479;1,309859155;4,014084507;4,38028169;4,098591549;4,408450704;3,957746479;0,436619718;4,774647887
dsWrtergr;das Wort ergreifen;0;16;3;2,4;0,714285714;3,185714286;4,357142857;4,457142857;4,085714286;3,785714286;0,428571429;5,114285714
dWndhchgh;die Wände hochgehen;0;17;3;4,420289855;-0,971014493;4,971014493;4;3,47826087;4,608695652;3,47826087;0,376811594;5,217391304
dWshnmLgh;die Weisheit nicht mit Löffeln gegessen haben;0;39;7;3,710144928;-0,260869565;4,130434783;4,028985507;3,855072464;4,826086957;3,492753623;0,144927536;4,826086957
dWshtmLgh;die Weisheit mit Löffeln gefressen haben;0;35;6;3,144927536;-0,188405797;3,565217391;3,956521739;3,420289855;5,144927536;3,637681159;0,115942029;5,072463768
DZiabgfh!;Dieser Zug ist abgefahren!;1;23;4;4,830985915;-1,169014085;4,323943662;5,38028169;4,295774648;4,450704225;3,887323944;0,901408451;5,352112676
dZltabbrc;die Zelte abbrechen;1;17;3;1,728571429;-0,357142857;3,614285714;3,057142857;3,528571429;4,371428571;3,342857143;0,5;4,871428571
dZtttschl;die Zeit totschlagen;0;18;3;2,38028169;0,549295775;3,732394366;4,774647887;4,183098592;5,394366197;3,38028169;0,126760563;5,338028169
EbbindrKh;Ebbe in der Kasse haben;0;19;5;3,183098592;-0,61971831;3,309859155;3,14084507;3,845070423;4,788732394;3,549295775;0,253521127;4,85915493
einEnglsn;ein Engel sein;0;12;3;6,704225352;2,253521127;4,056338028;5,38028169;4,281690141;4,830985915;3,563380282;0,098591549;5,014084507
eingrMssn;eine graue Maus sein;0;17;4;3,228571429;-0,285714286;2,842857143;4,442857143;3,514285714;4,828571429;3,442857143;0,385714286;4,728571429
einMeshbn;eine Meise haben;1;14;3;4,185714286;-1,014285714;3,771428571;4,314285714;3,3;5,428571429;3,657142857;0,557142857;5,257142857
enAgnwdsn;eine Augenweide sein;0;18;3;5,842857143;1,528571429;3,942857143;3,9;3,9;5,014285714;3,942857143;0,114285714;5,114285714
enaltrHss;ein alter Hase sein;0;16;4;3,042253521;0,591549296;3,436619718;4,732394366;3,971830986;5,183098592;2,661971831;0,478873239;5,338028169
enandrTna;eine andere Tonart anschlagen;1;26;4;2,314285714;-0,4;3,742857143;4,128571429;3,942857143;4,457142857;3,757142857;0,414285714;5,171428571
enArschks;ein Arschkriecher sein;0;20;3;6,450704225;-2,028169014;4,295774648;5,394366197;4,38028169;4,830985915;3,422535211;0,352112676;5,366197183
enAsgbdHs;eine Ausgeburt der Hölle sein;0;25;5;6,768115942;-1,695652174;4,724637681;3,695652174;3,884057971;5,15942029;2,942028986;0,043478261;4,884057971
enAssimAh;ein Ass im Ärmel haben;1;18;5;5,520547945;1,904109589;3,178082192;5,424657534;4,150684932;4,506849315;4,821917808;0,671232877;5,273972603
enAssines;ein Ass in etwas sein;0;17;5;6,028169014;1,661971831;3,816901408;4,774647887;4,042253521;4,76056338;3,366197183;0,154929577;5,098591549
enBrttvKh;ein Brett vorm Kopf haben;1;21;5;3,225352113;-0,887323944;3,323943662;3,338028169;3,281690141;4,38028169;3,971830986;0,535211268;4,450704225
endmmGnss;ein dumme Gans sein;0;16;4;5,366197183;-1,788732394;3,816901408;4,61971831;4,070422535;4,957746479;3,366197183;0,154929577;5,112676056
enDrststh;eine Durststrecke haben;0;21;3;3,52173913;-0,47826087;3,927536232;3,68115942;2,913043478;5,014492754;3,637681159;0,260869565;4,507246377
enehrlcHs;eine ehrliche Haut sein;0;20;4;6,112676056;1,915492958;3,915492958;3,830985915;3,943661972;4,830985915;3,633802817;0,154929577;5,267605634
enErbsnhh;ein Erbsenhirn haben;0;18;3;5,117647059;-1,117647059;4,073529412;4,205882353;4,117647059;4,073529412;3,470588235;0,088235294;5,102941176
enflschFl;eine falsche Fährte legen;1;22;4;2,927536232;-1,072463768;3,724637681;3,985507246;4,014492754;3,797101449;3,753623188;0,391304348;5,376811594
enflschFv;eine falsche Fährte verfolgen;1;26;4;3,788732394;-0,633802817;3,774647887;4,577464789;4,295774648;3,76056338;3,830985915;0,366197183;5,197183099
enflschSs;eine falsche Schlange sein;0;23;4;6,1;-1,642857143;4,414285714;4,857142857;4,071428571;5,357142857;3,157142857;0,271428571;5,228571429
enFlsidBs;ein Fels in der Brandung sein;1;24;6;5,169014085;1,112676056;3,718309859;4,169014085;3,309859155;4,830985915;3,577464789;0,352112676;4,746478873
enGnshtkr;eine Gänsehaut kriegen;0;20;3;3,577464789;0,197183099;4,774647887;5,676056338;5,295774648;3,901408451;4,774647887;0,718309859;5,394366197
enGrnschs;ein Grünschnabel sein;0;19;3;2,642857143;-0,728571429;3,657142857;3,871428571;3,971428571;4,8;2,985714286;0,1;4,628571429
engschlBh;eingeschlafene Beine haben;0;24;3;2,857142857;-0,542857143;3,742857143;4,6;4,628571429;3,657142857;3,885714286;0,4;4,7
enGsmwdTR;ein Gesicht machen wie drei Tage Regenwetter;0;38;7;4,457142857;-1,628571429;4,571428571;4,185714286;3,985714286;4,742857143;3,442857143;0,071428571;4,942857143
enGzkrgns;ein Geizkragen sein;0;17;3;5,563380282;-1,225352113;4,028169014;4,845070423;4,774647887;4,295774648;3,830985915;0,366197183;5,563380282
enhlbPrts;eine halbe Portion sein;0;20;4;2,8;-0,857142857;3,9;4,542857143;3,828571429;4,414285714;3,557142857;0,142857143;4,642857143
enHndlbnf;ein Hundeleben führen;0;19;3;4,652173913;-0,913043478;4,202898551;3,942028986;3,47826087;5,260869565;3,666666667;0,260869565;5,072463768
enHrindSf;ein Haar in der Suppe finden;1;23;6;2,816901408;-0,732394366;3,661971831;4,197183099;3,253521127;4,591549296;3,985915493;0,718309859;5,126760563
enHrzasSh;ein Herz aus Stein haben;0;20;5;6,436619718;-1,985915493;4,535211268;5,38028169;4,690140845;5,38028169;3,957746479;0,154929577;5,563380282
enHrzueSs;ein Herz und eine Seele sein;0;23;6;7,236111111;2,430555556;4,833333333;5,569444444;4,694444444;5,013888889;3,722222222;0,166666667;5,638888889
enidLudLg;einem ist die Laus über die Leber gelaufen;0;35;8;4,130434783;-0,942028986;4,246376812;3,768115942;3,202898551;5,739130435;3,434782609;0,130434783;5,130434783
enJmmrlps;ein Jammerlappen sein;0;19;3;6,178082192;-2,04109589;4,150684932;5,369863014;5;4,643835616;3,369863014;0,397260274;5,095890411
enlhmEnts;eine lahme Ente sein;0;17;4;3,157142857;-1,071428571;3,814285714;4,185714286;3,528571429;4,571428571;3,814285714;0,228571429;4,5
enlngLtnh;eine lange Leitung haben;1;21;4;3,2;-1,085714286;3,471428571;4,5;3,8;5,114285714;3,928571429;0,485714286;5,114285714
enlngsGsm;ein langes Gesicht machen;0;22;4;3,232876712;-1,232876712;3,904109589;5,630136986;4,561643836;4,493150685;4,287671233;0,726027397;5,136986301
enlssMndh;ein loses Mundwerk haben;0;21;4;4,2;-0,8;3,785714286;4,085714286;4,142857143;5,128571429;3,614285714;0,171428571;5,142857143
enLstlswr;eine Last loswerden;1;17;3;3,671428571;1,271428571;4,042857143;4,7;4,7;4,4;3,5;0,728571429;5,071428571
enmkmmelh;einem kommt etwas langsam hoch ;1;26;6;3,718309859;-0,788732394;4,070422535;4,704225352;3,845070423;4,478873239;3,85915493;0,492957746;4,816901408
ennandrBh;einen an der Birne haben;0;20;5;3,782608696;-0,826086957;4,31884058;4,768115942;3,347826087;4,884057971;3,463768116;0,101449275;5,202898551
ennBlhdKw;einen Blick hinter die Kulissen werfen;1;33;6;2;0,428571429;3,157142857;4,614285714;4,185714286;4,728571429;3,728571429;0,571428571;5,385714286
ennDchsch;einen Dachschaden haben;1;21;3;3,957746479;-1,169014085;4,211267606;4,309859155;3,816901408;4,985915493;3,957746479;0,647887324;5,436619718
ennDckkph;einen Dickkopf haben;1;18;3;4,450704225;-1,042253521;3,943661972;5,014084507;4,183098592;4,929577465;3,971830986;0,366197183;5,352112676
ennempfNt;einen empfindlichen Nerv treffen;1;29;4;3,957746479;-1,056338028;4,478873239;5,070422535;4,422535211;4,901408451;4,084507042;0,394366197;5,436619718
ennflscTt;einen falschen Ton treffen;1;23;4;2,849315068;-1,01369863;3,849315068;4,04109589;3,657534247;4,01369863;4,452054795;0,808219178;4,698630137
ennFrsiHh;einen Frosch im Hals haben;1;22;5;3,109589041;-1,109589041;3,438356164;5,082191781;3,712328767;5,671232877;3,712328767;0,246575342;5,164383562
ennGstsbh;einen Geistesblitz haben;0;22;3;2,885714286;1,028571429;3,585714286;4,314285714;3,657142857;4,685714286;3,757142857;0,114285714;5
enngtDzjh;einen guten Draht zu jemandem haben;0;30;6;5,6;2,028571429;4,428571429;4,885714286;3,628571429;4,871428571;3,842857143;0,242857143;5,357142857
ennKnllhb;einen Knall haben;0;15;3;4,642857143;-1,014285714;4,028571429;4,671428571;3,242857143;4,971428571;3,242857143;0,142857143;4,828571429
ennKtrhbn;einen Kater haben;1;15;3;4,366197183;-0,957746479;4,028169014;5,450704225;3,661971831;5,535211268;3,535211268;0,732394366;5,676056338
enNrvnbns;ein Nervenbündel sein;0;19;3;4,2;-0,828571429;4,371428571;4,528571429;4,314285714;4,642857143;3,528571429;0,157142857;4,9
ennschwKh;einen schweren Kopf haben;1;22;4;3,23943662;-1,211267606;4,042253521;4,422535211;4,056338028;4,323943662;3,802816901;0,577464789;5,295774648
ennschwTh;einen schwarzen Tag haben;0;22;4;4,535211268;-1,323943662;4,521126761;4,718309859;4,309859155;4,352112676;3,38028169;0,197183099;5,394366197
ennSpidSh;einen Sprung in der Schüssel haben;1;29;6;4,579710145;-0,985507246;4,043478261;4,608695652;3,31884058;5,072463768;3,434782609;0,231884058;5,173913043
ennTrmhgn;einen Traum hegen;0;15;3;3,579710145;1,057971014;3,753623188;3,434782609;3,913043478;4,782608696;3,289855072;0,173913043;4,130434783
ennVglhbn;einen Vogel haben;1;15;3;3,2;-0,857142857;3,585714286;4,314285714;3,142857143;4,628571429;3,657142857;0,585714286;4,828571429
ennZhnzlg;einen Zahn zulegen;1;16;3;2,535211268;0,873239437;3,408450704;4,971830986;3,591549296;4,971830986;3,521126761;0,197183099;4,957746479
enPrbadWp;ein Problem an der Wurzel packen;0;27;6;3,414285714;1,185714286;3,857142857;4,228571429;3,571428571;4,742857143;3,242857143;0,114285714;5
enPrnzpns;ein Prinzipienreiter sein;0;23;3;2,073529412;-0,485294118;3,235294118;3,161764706;3,397058824;4,808823529;3,441176471;0,220588235;5,029411765
enrhgKgls;eine ruhige Kugel schieben;0;23;4;2,785714286;0,242857143;3,571428571;3,357142857;3,2;4,714285714;4;0,3;4,728571429
enrScegWv;einer Sache eine gewisse Würze verleihen;1;35;6;3,057142857;1,171428571;3,357142857;3,757142857;3,842857143;4,214285714;3,914285714;0,414285714;5,285714286
enschrfZh;eine scharfe Zunge haben;0;21;4;3,342857143;-0,714285714;4,471428571;4,685714286;3,757142857;4,828571429;3,957142857;0,442857143;5,171428571
enSchwngv;ein Schweinegeld verdienen;0;24;3;3,913043478;0,753623188;3,608695652;4,057971014;3,782608696;4,260869565;2,898550725;0,101449275;4,985507246
enSnntgss;ein Sonntagskind sein;1;19;3;5,055555556;1,361111111;3,513888889;3,152777778;3,097222222;5,027777778;3,375;0,430555556;5,041666667
enStbnhcs;ein Stubenhocker sein;0;19;3;3,014492754;-0,782608696;2,942028986;4,420289855;3,31884058;4,956521739;3,434782609;0,260869565;5,217391304
enStWidEs;eine Stange Wasser in die Ecke stellen;0;32;7;1,691176471;0,397058824;3,161764706;2,808823529;2,955882353;5,014705882;3,808823529;0,338235294;4,544117647
enVlchnhb;ein Veilchen haben;1;16;3;2,785714286;-0,471428571;3,871428571;3,5;3,285714286;5,057142857;3,357142857;0,228571429;4,271428571
enWlfimSs;ein Wolf im Schafspelz sein;0;23;5;4,289855072;-1,391304348;4,144927536;4,217391304;3,565217391;5,101449275;3,231884058;0,246376812;4,927536232
enWschlps;ein Waschlappen sein;0;18;3;6,684931507;-2,301369863;4,04109589;5;5,01369863;4,739726027;3,575342466;0,397260274;5,356164384
ErsthiZsL;Er steht im Zenit seines Lebens;0;26;6;3,507462687;1,149253731;4,089552239;3,626865672;3,865671642;4,701492537;3,343283582;0,119402985;4,686567164
esbrtscez;es braut sich etwas zusammen;0;24;5;2,152777778;-0,513888889;3,388888889;4,75;4,097222222;4,347222222;4,194444444;0,777777778;5,166666667
esfsthdOh;es faustdick hinter den Ohren haben;0;30;6;3,246376812;0,347826087;4,275362319;4,144927536;3,057971014;5,144927536;3,782608696;0,15942029;4,855072464
esghtumdW;es geht um die Wurst;1;16;5;1,985507246;0,594202899;3,768115942;4,362318841;3,449275362;5,188405797;3,608695652;0,536231884;5,202898551
esgrautmr;es graut mir;0;10;3;4,106060606;-1,560606061;4,151515152;3,515151515;3,833333333;4,606060606;3,590909091;0,272727273;4,121212121
esisnasMg;es ist nicht auf seinem Mist gewachsen;1;32;7;3,71641791;-0,343283582;4,417910448;4,313432836;3,626865672;4,835820896;2,910447761;0,164179104;4,805970149
esistetiG;es ist etwas im Gange;1;17;5;1,314285714;0,228571429;3,614285714;4,914285714;4;4,485714286;3,357142857;0,414285714;5,1
esksttndW;es kostet nicht die Welt;0;20;5;3,084507042;0,802816901;3,338028169;4,436619718;4,23943662;4,957746479;3,887323944;0,183098592;5,225352113
eslgtmadZ;es liegt mir auf der Zunge;1;21;6;0,9;0,157142857;2,957142857;5,628571429;4,128571429;4,842857143;3,814285714;0,471428571;5,542857143
esschwuHh;es schwer ums Herz haben;0;20;5;4,47826087;-1,434782609;4,826086957;4,637681159;3,942028986;4,724637681;3,666666667;0,086956522;4,884057971
esstcnidK;es steckt noch in den Kinderschuhen;1;30;6;3,173913043;-0,47826087;3,492753623;4,362318841;4,594202899;3,811594203;3,855072464;0,724637681;5,130434783
etfeAueEk;etwas für einen Apfel und ein Ei kaufen;1;32;8;2,333333333;0,565217391;3,47826087;3,391304348;3,405797101;5,101449275;4,188405797;0,391304348;4,898550725
etwsadgGh;etwas an die große Glocke hängen;1;27;6;2,246376812;-0,594202899;4,072463768;5,623188406;3,869565217;4,913043478;3,782608696;0,536231884;5,579710145
etwsadhKl;etwas auf die hohe Kante legen;1;25;6;2,714285714;0,457142857;3,557142857;4,028571429;3,571428571;5,1;4,185714286;0,585714286;4,914285714
etwsadlBs;etwas auf die lange Bank schieben;1;28;6;2,732394366;-0,676056338;3,845070423;3,774647887;3,676056338;5,070422535;3,098591549;0,366197183;5,253521127
etwsadlSn;etwas auf die leichte Schulter nehmen;0;32;6;2,4;-0,142857143;3,8;5,114285714;3,914285714;4,714285714;3,342857143;0,285714286;5,228571429
etwsafdHh;etwas auf dem Herzen haben;0;22;5;2,52173913;0,608695652;5,362318841;5,463768116;3,826086957;5,028985507;4,101449275;0,202898551;5,550724638
etwsafdKh;etwas auf dem Kasten haben;1;22;5;5,072463768;1,333333333;4,072463768;4,695652174;3,855072464;4,927536232;3,115942029;0,47826087;5,31884058
etwsafdPh;etwas auf der Pfanne haben;1;22;5;4,169014085;0,422535211;3,816901408;4,154929577;3,647887324;4,802816901;3,704225352;0,605633803;5,070422535
etwsasdAs;etwas aus dem Ärmel schütteln;1;25;5;2,850746269;0,582089552;3,447761194;4,746268657;3,835820896;4,895522388;4;0,656716418;5,104477612
etwsdrdBs;etwas durch die Blume sagen;0;23;5;3,694444444;1,083333333;3,736111111;2,625;2,805555556;5,694444444;3,722222222;0,222222222;4,763888889
etwsfrbMn;etwas für bare Münze nehmen;1;23;5;1,820895522;-0,089552239;3,686567164;3,626865672;3,417910448;4,656716418;3,611940299;0,28358209;4,925373134
etwsgjgdS;etwas geht jemandem gegen den Strich;1;31;6;3,913043478;-1,130434783;3,985507246;4,014492754;3,565217391;4,985507246;3,420289855;0,115942029;4,724637681
etwsidfHk;etwas in den falschen Hals kriegen;0;29;6;3,142857143;-0,8;4,328571429;4,2;3,614285714;4,614285714;3,857142857;0,442857143;5,071428571
etwsinWrk;etwas in Worte kleiden;0;19;4;2,042857143;0,414285714;2,614285714;3,2;3,157142857;4,9;3,5;0,128571429;4,757142857
etwskruks;etwas kurz und klein schlagen;1;25;5;4,695652174;-0,695652174;4,579710145;4,536231884;4,507246377;3,927536232;4,217391304;0,47826087;5,333333333
etwslmsiM;etwas liegt mir schwer im Magen;1;26;6;5,214285714;-1,557142857;4,314285714;4,728571429;4,428571429;4,714285714;4,028571429;0,4;5,057142857
etwsmtdFt;etwas mit den Füßen treten;1;22;5;3,986111111;-1,541666667;4,444444444;4,666666667;4,722222222;4,152777778;4,583333333;0,722222222;4,916666667
etwsncuHb;etwas nicht übers Herz bringen;0;26;5;3,328571429;0,157142857;4,5;5,085714286;3,442857143;4,842857143;3,228571429;0,128571429;5,385714286
etwsuDuFb;etwas unter Dach und Fach bringen;0;28;6;3,028571429;1,028571429;3,528571429;4,171428571;3,471428571;4,742857143;3,342857143;0,428571429;5,085714286
etwsunvrs;etwas unverblümt sagen;0;20;3;3,589041096;0,136986301;3,397260274;3,506849315;4,150684932;4,684931507;3,506849315;0,232876712;4,97260274
etwswsnWk;etwas wie seine Westentasche kennen;1;31;5;5,056338028;1,76056338;3,535211268;4,535211268;4,23943662;4,38028169;3,422535211;0,338028169;5,070422535
Farbbknnn;Farbe bekennen;0;13;2;2;0,333333333;3,416666667;3,208333333;3,416666667;4,916666667;3,513888889;0,236111111;4,791666667
Flhhstnhr;Flöhe husten hören;0;16;3;3,235294118;0,088235294;3,441176471;3,191176471;3,808823529;4,808823529;3,882352941;0,117647059;4,852941176
FlsnimKph;Flausen im Kopf haben;0;18;4;3,68115942;-0,898550725;3,666666667;4,536231884;3,231884058;5;3,869565217;0,246376812;4,855072464
frjmdHiFl;für jmdn die Hand ins Feuer legen;1;27;7;5,535211268;1,901408451;5,056338028;5,323943662;4,295774648;5,267605634;3,873239437;0,577464789;5,577464789
frjmdSvHh;für jemanden die Sterne vom Himmel holen;0;34;7;7,041666667;2,319444444;4,625;5,194444444;4,083333333;5,347222222;3,152777778;0,236111111;5,375
frjmnddFg;für jemanden durchs Feuer gehen;1;27;5;5,863013699;1,97260274;5,068493151;5,424657534;4,465753425;4,849315068;3,904109589;0,561643836;5,753424658
FrundFlms;Feuer und Flamme sein;0;18;4;6,208333333;1,930555556;4,833333333;5,347222222;3,902777778;4,847222222;3,236111111;0,236111111;5,305555556
fstimStts;fest im Sattel sitzen;1;18;4;5,246376812;1,420289855;3,956521739;4,608695652;4,028985507;4,405797101;4,246376812;0,724637681;5,376811594
ftwenTrns;fit wie ein Turnschuh sein;0;22;5;5,428571429;1,971428571;4,114285714;4,985714286;4,128571429;4,428571429;3,757142857;0,071428571;5,428571429
furlarbtn;für lau arbeiten;0;14;3;3,666666667;-0,768115942;3,594202899;3,913043478;3,550724638;4,782608696;3,913043478;0,15942029;5,188405797
Fussfassn;Fuß fassen;1;9;2;2,927536232;1,188405797;3,652173913;3,391304348;3,507246377;4,84057971;3,782608696;0,405797101;4,52173913
gefrtwrdn;gefeuert werden;0;14;2;6,273972603;-2,219178082;4,438356164;5,780821918;4,561643836;3,945205479;3,602739726;0,534246575;5,904109589
GeldwHhbn;Geld wie Heu haben;0;15;4;4,728571429;1,757142857;4,085714286;4,5;4,328571429;4,557142857;3,971428571;0,557142857;5,571428571
GftundGls;Gift und Galle spucken;0;19;4;5,217391304;-1,536231884;4,942028986;3,869565217;3,217391304;4,956521739;3,275362319;0,173913043;4,739130435
ggndWndrd;gegen die Wand reden;1;17;4;3,085714286;-0,685714286;3,771428571;4,557142857;3,7;4,614285714;4,414285714;0,571428571;5,357142857
ghpftwgss;gehüpft wie gesprungen sein;0;24;4;1,617647059;0,205882353;3,485294118;3,411764706;3,367647059;5,058823529;3,382352941;0,191176471;4,529411765
GldohnEnh;Geld ohne Ende haben;0;17;4;4,690140845;1,61971831;3,943661972;5,14084507;5,366197183;4,056338028;3,845070423;0,366197183;5,605633803
GldzmFnsh;Geld zum Fenster hinauswerfen;1;26;4;3,652173913;-1,188405797;3,739130435;5,173913043;5,028985507;3,739130435;3,666666667;0,68115942;5,579710145
GrsubdSwl;Gras über die Sache wachsen lassen;0;29;6;2,9;0,357142857;3,828571429;4,585714286;3,885714286;4,885714286;3,485714286;0,485714286;5,385714286
HlzvrdrHh;Holz vor der Hütte haben;1;20;5;2,742857143;0,771428571;3,385714286;3,642857143;3,328571429;5,057142857;3,628571429;0,671428571;4,757142857
HmmluHiBs;Himmel und Hölle in Bewegung setzen;0;30;6;3,231884058;1;4,608695652;4,173913043;3,811594203;5,217391304;3,115942029;0,072463768;5,130434783
hntrdmMnl;hinter dem Mond leben;0;18;4;3,614285714;-0,785714286;3,671428571;4,114285714;3,971428571;5,171428571;3,785714286;0,285714286;4,971428571
hochnsgsn;hochnäsig sein;0;13;2;4,52173913;-1,565217391;4,130434783;3,985507246;4,652173913;4,072463768;4,028985507;0,31884058;5,376811594
HrafdnZhh;Haare auf den Zähnen haben;1;22;5;3,202898551;-0,913043478;3,884057971;3,608695652;3,391304348;4,971014493;3,434782609;0,362318841;4,652173913
Hrspltrnb;Haarspaltereien betreiben;0;24;2;2,455882353;-0,044117647;3,911764706;3,838235294;3,191176471;4,941176471;3,147058824;0,338235294;4,279411765
ichmniiHs;ich möchte nicht in ihrer Haut stecken;0;32;7;4,471428571;-0,814285714;3,828571429;5,385714286;4,1;4,885714286;3,1;0,171428571;5,242857143
ichzhldSk;ich zähle die Sekunden;1;19;4;2,304347826;-0,217391304;3,739130435;4,463768116;4,130434783;4,31884058;3,376811594;0,666666667;4,768115942
imDnklntp;im Dunkeln tappen;1;15;3;2,718309859;-1,028169014;3,366197183;5,056338028;4,112676056;4,492957746;4,154929577;0,690140845;5,225352113
imGldschw;im Geld schwimmen;0;15;3;4,690140845;1,535211268;3,929577465;5,408450704;4,563380282;4,873239437;3,971830986;0,450704225;5,309859155
immrallss;immer alles schwarz sehen;0;22;4;6,014084507;-1,61971831;4,408450704;5,169014085;4,394366197;4,816901408;4,295774648;0,422535211;5,521126761
imsbtnHms;im siebten Himmel sein;0;19;4;7,173913043;2,333333333;5,347826087;5,362318841;4,173913043;5,608695652;3,724637681;0,130434783;5,52173913
inallrMns;in aller Munde sein;0;16;4;3,347222222;0,458333333;3,847222222;3,986111111;3,916666667;4,833333333;3,958333333;0,194444444;4,958333333
indnsrnAb;in den sauren Apfel beißen;1;22;5;4,071428571;-0,871428571;4,042857143;3,9;3,428571429;3,785714286;4,2;0,614285714;5,142857143
indnTghnn;in den Tag hineinträumen;0;21;4;2,090909091;0,303030303;3,439393939;3,757575758;3,848484848;4,984848485;3,833333333;0,454545455;4,348484848
indPfnnhn;in die Pfanne hauen;1;16;4;3,857142857;-0,228571429;4,4;4,614285714;3,628571429;5,314285714;3,785714286;0,642857143;4,8
indrBlsJs;in der Blüte seiner Jahre sein;0;25;6;4,957142857;1,814285714;3,5;4,542857143;4,685714286;4,471428571;3,742857143;0,171428571;5,157142857
indrLfthn;in der Luft hängen;1;15;4;1,585714286;0,071428571;3,271428571;3,942857143;3,8;4,7;3,6;0,428571429;4,8
inenWspns;in ein Wespennest stechen;1;22;4;3,857142857;-0,771428571;4,242857143;3,528571429;3,485714286;4,514285714;3,557142857;0,6;4,985714286
inFhrtkmm;in Fahrt kommen;0;13;3;3,542857143;1,257142857;3,671428571;4,471428571;4,142857143;4,685714286;3,414285714;0,457142857;5,171428571
inLhnunBs;in Lohn und Brot stehen;0;19;5;4,029850746;0,417910448;3,71641791;3,029850746;3,462686567;5,089552239;3,701492537;0,059701493;5,104477612
insBlhnnr;ins Blaue hinein reden;0;19;4;2,542857143;-0,371428571;3,728571429;3,728571429;3,271428571;5,314285714;3,471428571;0,085714286;4,842857143
insFttnpt;ins Fettnäpfchen treten;1;21;3;3,285714286;-0,771428571;4,114285714;4,114285714;3,328571429;5,171428571;3,814285714;0,4;4,814285714
insGrsbss;ins Gras beißen;1;13;3;6,347826087;-1,739130435;4,289855072;4,797101449;3,434782609;4,869565217;3,536231884;0,594202899;5,144927536
insSchwrt;ins Schwarze treffen;1;18;3;6,013888889;1,680555556;4,236111111;5,444444444;3,902777778;4,777777778;3,597222222;0,652777778;5,555555556
inSsundBl;in Saus und Braus leben;0;19;5;3,642857143;0,9;3,857142857;4,185714286;3,528571429;5,171428571;3,742857143;0,157142857;5,285714286
JackwHssn;Jacke wie Hose sein;0;16;4;1,970588235;0,470588235;2,661764706;3,382352941;3,691176471;4,882352941;3,588235294;0,132352941;4,823529412
jadrSbrn/;jemanden auf die richtige Spur bringen/führen;1;40;6;5,211267606;1,971830986;3,929577465;5,253521127;5,070422535;4,535211268;3,690140845;0,478873239;5,281690141
jadWck/Zg;jemandem auf den Wecker/Zeiger gehen;0;32;5;4,690140845;-1,563380282;4,478873239;5,056338028;3,549295775;4,929577465;3,267605634;0,197183099;5,422535211
jdnCntzwu;jeden Cent zweimal umdrehen;1;24;4;2,929577465;0,084507042;3,690140845;4,901408451;3,901408451;4,605633803;4,23943662;0,661971831;5,394366197
jdsWradGl;jedes Wort auf die Goldwaage legen;0;29;6;3,043478261;-0,434782609;3,536231884;3,985507246;3,855072464;5,507246377;3,434782609;0,173913043;5,202898551
jemndnfrn;jemanden feuern;0;14;2;4,957746479;-1,070422535;3,971830986;5,309859155;4,211267606;4,971830986;3,901408451;0,422535211;5,577464789
jmdm.dnKv;jmdm. den Kopf verdrehen;1;21;4;3,985507246;0,449275362;5,246376812;4,927536232;3,666666667;5,246376812;3,869565217;0,376811594;4,956521739
jmdnafdLh;jmdn auf dem Laufenden halten;0;25;5;3,928571429;1,585714286;3,828571429;5,214285714;4,185714286;4,542857143;3,657142857;0,285714286;5,214285714
jmnadfFeh;jemanden auf dem falschen Fuß erwischt haben;1;38;7;2,605633803;-0,802816901;3,788732394;5;4,309859155;4,591549296;4,267605634;0,38028169;5,056338028
jmndadfFl;jemanden auf die falsche Fährte locken;1;33;6;3,871428571;-1,242857143;4,1;4,371428571;3,885714286;4,785714286;3,728571429;0,357142857;5,385714286
jmndBadBg;jemandem nicht die Butter auf dem Brot gönnen;1;38;8;4,623188406;-0,971014493;4,304347826;3,826086957;3,739130435;4,927536232;3,507246377;0,449275362;4,782608696
jmnddBvBn;jemandem die Butter vom Brot nehmen;1;30;6;3,594202899;-1,217391304;3,884057971;3,782608696;3,753623188;5,115942029;3,971014493;0,579710145;4,971014493
jmnddWiMu;jemandem das Wort im Munde umdrehen;0;30;6;3,676056338;-0,661971831;4,070422535;4,267605634;3,802816901;4,61971831;3,394366197;0,14084507;5,169014085
jmnddWnrk;jemandem das Wasser nicht reichen können;1;35;6;2,929577465;-0,647887324;3,915492958;4,281690141;3,690140845;4,464788732;4,042253521;0,464788732;4,943661972
jmndeDiAs;jemandem ein Dorn im Auge sein;0;25;6;4,597222222;-1,847222222;4,652777778;5,111111111;4,388888889;5,263888889;3,597222222;0,166666667;5,5
jmndeudNr;jemanden etwas unter die Nase reiben;1;31;6;2,791044776;-0,671641791;4,223880597;5,089552239;3,76119403;4,507462687;4,373134328;0,641791045;5,313432836
jmndhdHvG;jemandem hängt der Himmel voller Geigen;0;34;6;4,550724638;1,130434783;4,260869565;3,565217391;3,304347826;5,507246377;3,507246377;0,115942029;5,434782609
jmndieSsl;jemanden im eigenen Saft schmoren lassen;0;35;6;4,657534247;-1,534246575;4,315068493;3,616438356;3,657534247;4,95890411;3,630136986;0,342465753;4,904109589
jmndleadS;jemandem liegt etwas auf der Seele;0;29;6;2,347826087;0,405797101;4,492753623;5,289855072;4,144927536;5,072463768;3,637681159;0,130434783;5,115942029
jmndmadFs;jemandem auf den Fersen sein;0;24;5;2,169014085;-0,253521127;3,887323944;4,830985915;3,957746479;4,943661972;3,61971831;0,408450704;5,23943662
jmndmadKg;jemandem auf den Keks gehen;0;23;5;4,114285714;-1,4;4,385714286;5,414285714;3,571428571;5,314285714;3,285714286;0,285714286;5,4
jmndmadLg;jemandem auf den Leim gehen;1;23;5;4,1;-1,242857143;3,957142857;3,828571429;3,714285714;4,614285714;3,285714286;0,142857143;4,942857143
jmndmbaHg;jemandem bis aufs Haar gleichen;1;27;5;2,083333333;0,5;3,361111111;4,513888889;4,875;3,666666667;3,958333333;0,527777778;5,166666667
jmndmbldH;jemandem blutet das Herz;1;21;4;6,126760563;-1,422535211;5,056338028;4,563380282;4,352112676;5,295774648;4,154929577;0,549295775;5,309859155
jmndmBnmc;jemandem Beine machen;0;19;3;2,5;-0,352941176;3,838235294;3,838235294;3,514705882;5,161764706;3,705882353;0,132352941;4,897058824
jmndmdDmd;jemandem die Daumen drücken;1;24;4;6,225352113;2,225352113;4,14084507;5,591549296;4,507042254;4,295774648;4,422535211;0,690140845;5,788732394
jmndmdFls;jemandem die Flügel stutzen;0;24;4;4,267605634;-0,295774648;4,197183099;4,309859155;3,746478873;5,295774648;3,830985915;0,267605634;4,732394366
jmndmdHhm;jemandem die Hölle heiß machen;0;26;5;5,450704225;-1,225352113;4,76056338;4,845070423;4,098591549;5,197183099;3,38028169;0,126760563;5,056338028
jmndmdkSz;jemandem die kalte Schulter zeigen;1;30;5;5,585714286;-1,7;5,014285714;5,314285714;4,6;4,6;3,342857143;0,328571429;5,457142857
jmndmdnGz;jemandem den Geldhahn zudrehen;0;27;4;3,585714286;-0,585714286;4,028571429;4,214285714;4,171428571;4,9;3,457142857;0,171428571;5,528571429
jmndmdnMs;jemandem den Mund stopfen;1;22;4;3,628571429;-0,742857143;4,242857143;4,571428571;4,828571429;4,028571429;4,9;0,614285714;5,214285714
jmndmdsHb;jemandem das Herz brechen;0;22;4;7,561643836;-2,356164384;5,438356164;6;5,493150685;4,835616438;3,876712329;0,191780822;5,698630137
jmndmdsMs;jemandem das Maul stopfen;1;22;4;4,985915493;-0,816901408;4;4,436619718;4,605633803;3,957746479;4,14084507;0,521126761;5,281690141
jmndmdSpv;jemandem die Suppe versalzen;1;25;4;4,971014493;-1,492753623;3,666666667;4,608695652;4,101449275;4,275362319;4,173913043;0,84057971;5,231884058
jmndmdsWa;jemandem das Wort abschneiden;0;26;4;2,746478873;-1,028169014;3,830985915;3,830985915;4,112676056;5,169014085;3,61971831;0,112676056;5,126760563
jmndmdZnl;jemandem die Zunge lösen;1;21;4;2,714285714;0,371428571;4,128571429;3,942857143;3,957142857;5,371428571;3,957142857;0,171428571;5,4
jmndmeiGs;jemandem etwas ins Gesicht schleudern;1;33;5;4,128571429;-1,014285714;4,357142857;4,642857143;4,128571429;4,042857143;4,085714286;0,614285714;5,214285714
jmndmenBa;jemandem einen Bären aufbinden;0;27;4;3,757142857;-1,042857143;3,828571429;3,871428571;3,585714286;5,5;3,357142857;0,314285714;4,957142857
jmndmenDv;jemandem einen Denkzettel verpassen;0;32;4;3,420289855;0,086956522;4,449275362;4,15942029;3,434782609;4,84057971;3,855072464;0,463768116;5,115942029
jmndmenEb;jemandem eine Extrawurst braten;1;28;4;2,434782609;0,550724638;3,652173913;4,101449275;3,579710145;4,47826087;3,536231884;0,652173913;5
jmndmenKg;jemandem einen Korb geben;1;22;4;4,285714286;-1,171428571;4,114285714;5,071428571;3,471428571;4,585714286;3,985714286;0,642857143;5,685714286
jmndmenOa;jemandem ein Ohr abkauen;1;21;4;3,014705882;-0,867647059;4,029411765;3,5;3,529411765;5,102941176;3,794117647;0,455882353;5,073529412
jmndmensr;jemandem eins reinwürgen;1;22;3;3,333333333;-0,985507246;4,217391304;4,695652174;3,710144928;5,115942029;3,217391304;0,231884058;4,971014493
jmndmHuMs;jemandem Honig ums Maul schmieren;1;29;5;2,898550725;0,376811594;4,101449275;4,797101449;3,347826087;4,869565217;3,797101449;0,637681159;5
jmndmidHk;jemandem in den Hintern kriechen;0;28;5;4,084507042;-1,014084507;4,197183099;5,042253521;4,042253521;4,647887324;4,112676056;0,352112676;5,281690141
jmndmldGu;jemandem läuft die Galle über;0;25;5;4,577464789;-1,422535211;4,633802817;3,295774648;3,492957746;4,774647887;3,873239437;0,281690141;4,76056338
jmndmpldK;jemandem platzt der Kragen;0;23;4;6,069444444;-1,819444444;5,055555556;5,097222222;4,416666667;4,847222222;3,986111111;0,263888889;5,597222222
jmndmrcdK;jemandem raucht der Kopf;0;21;4;3,285714286;-0,257142857;4,185714286;3,557142857;3,628571429;5,242857143;3,914285714;0,214285714;4,771428571
jmndmrnWe;jemandem reinen Wein einschenken;1;29;4;4,138888889;1,361111111;4,125;4,666666667;3,416666667;4,916666667;3,708333333;0,597222222;5,666666667
jmndmsnHa;jemandem sein Herz ausschütten;0;27;4;3,579710145;1,115942029;5,434782609;5,333333333;4,043478261;5,333333333;3,666666667;0,086956522;5,130434783
jmndmweaH;jemandem wächst etwas ans Herz;0;26;5;6,277777778;2,222222222;4,75;5,513888889;4,430555556;5,097222222;4,055555556;0,263888889;5,402777778
jmndmzmTs;jemandem zum Teufel schicken;0;25;4;6,819444444;-2,097222222;5,083333333;5,652777778;4,569444444;4,902777778;3,180555556;0,138888889;5,111111111
jmndmzrHg;jemandem zur Hand gehen;1;20;4;5,130434783;1,884057971;4,173913043;4,550724638;4,217391304;4,68115942;3,985507246;0,333333333;5,202898551
jmndnadAn;jemanden auf den Arm nehmen;1;23;5;3,535211268;0,154929577;3,746478873;5,183098592;4,056338028;4,971830986;4,23943662;0,661971831;5
jmndnadPb;jemanden auf die Palme bringen;1;26;5;4,112676056;-1,23943662;4,492957746;5,309859155;3,478873239;5,492957746;3,661971831;0,38028169;5,704225352
jmndnafAs;jemanden aufs Abstellgleis schieben;1;32;4;4,464788732;-1,61971831;3,929577465;3,76056338;3,732394366;4,450704225;3,605633803;0,61971831;4,690140845
jmndnafFs;jemanden auf freien Fuß setzen;0;26;5;3,565217391;0,927536232;4;4,420289855;4;5,173913043;4,15942029;0,565217391;5,246376812
jmndnafGf;jemanden aufs Glatteis führen;1;26;4;3,957142857;-1,1;4,2;4,685714286;4,114285714;4,857142857;3,8;0,585714286;5,028571429
jmndnafTe;jemanden auf frischer Tat ertappen;0;30;5;2,732394366;0,197183099;4,197183099;5,154929577;4,633802817;4,197183099;3,746478873;0,492957746;5,76056338
jmndnafzh;jemanden aufziehen;0;17;2;3,028985507;-0,014492754;3,666666667;3,869565217;3,449275362;4,333333333;3,565217391;0,420289855;4,52173913
jmndnddKz;jemanden durch den Kakao ziehen;1;27;5;3,357142857;-0,757142857;3,671428571;3,557142857;3,357142857;5,685714286;3,342857143;0,271428571;5,371428571
jmndnfrdv;jemanden für dumm verkaufen;0;24;4;4,826086957;-1,405797101;3,565217391;5,362318841;3,84057971;4,536231884;2,942028986;0,246376812;5,724637681
jmndnhnLf;jemanden hinters Licht führen;0;26;4;4,492957746;-1,225352113;4,084507042;5,014084507;3,676056338;5,267605634;3,267605634;0,323943662;5,577464789
jmndnidSs;jemanden in den Sack stecken;1;24;5;2,869565217;0,086956522;3,927536232;3,913043478;3,608695652;4,985507246;3,405797101;0,565217391;4,869565217
jmndnidWs;jemanden in die Wüste schicken;1;26;5;5,194029851;-1,402985075;4,626865672;5,074626866;3,149253731;4,71641791;3,701492537;0,597014925;5,417910448
jmndnmndm;jemanden mundtot machen;0;21;3;2,842857143;-0,7;3,885714286;3,714285714;3,471428571;4,457142857;3,8;0,242857143;4,728571429
jmndnmtSa;jemanden mit Samthandschuhen anfassen;1;34;4;3,028571429;0,485714286;3,285714286;3,957142857;3,442857143;4,542857143;4,271428571;0,628571429;4,871428571
jmndnncrk;jemanden nicht riechen können;1;26;4;4,194444444;-0,833333333;3,986111111;4,527777778;4,083333333;4,583333333;4,583333333;0,527777778;5,347222222
jmndnubKl;jemanden übers Knie legen;1;22;4;4,362318841;-0,971014493;4,565217391;4,47826087;3,333333333;4,231884058;4,072463768;0,666666667;4,942028986
jmndnubOh;jemanden übers Ohr hauen;1;21;4;5,205479452;-1,753424658;4,342465753;5,671232877;4,054794521;4,671232877;4,164383562;0,534246575;5,643835616
jmndnudEb;jemanden um die Ecke bringen;1;24;5;5,352941176;-1,529411765;4,911764706;4,014705882;3,455882353;4,75;3,882352941;0,661764706;5,205882353
jmndnunDs;jemanden unter Druck setzen;0;24;4;4,528571429;-1,585714286;4,657142857;5,342857143;4,285714286;4,142857143;4,042857143;0,271428571;5,428571429
jmndnvNel;jemanden vor Neid erblassen lassen;0;30;5;4,202898551;-0,898550725;4,52173913;4,47826087;3,797101449;4,579710145;3,782608696;0,202898551;4,753623188
jmndnvrst;jemanden versetzen;0;17;2;3,739130435;-0,898550725;3,971014493;4,942028986;4,463768116;4,362318841;3,739130435;0,623188406;4,68115942
jmndnweZa;jemanden wie eine Zitrone ausquetschen;0;34;5;3,352112676;-0,61971831;4,253521127;3,873239437;4,267605634;5,408450704;3,676056338;0,23943662;5,084507042
jmndnzBrs;jemanden zu Brei schlagen;0;22;4;5,714285714;-1,485714286;5,2;4,385714286;4,1;5;3,557142857;0,185714286;5,185714286
jmndnzmTj;jemanden zum Teufel jagen;0;22;4;5,637681159;-1,463768116;5,086956522;5,202898551;4,057971014;4,956521739;3,347826087;0,043478261;4,739130435
jmndnzrSm;jemanden zur Sau machen;0;20;4;4,436619718;-1,281690141;4,295774648;4,070422535;4,253521127;4,521126761;3,084507042;0,169014085;5,098591549
jmndnzrWb;jemanden zur Weißglut bringen;0;26;4;4,450704225;-1,661971831;4,38028169;3,492957746;3,366197183;4,746478873;3,605633803;0,183098592;4,887323944
jmndSadLp;jemandem die Seele aus dem Leib prügeln;0;33;7;7;-1,637681159;5,231884058;4,666666667;4,246376812;5,246376812;3,289855072;0,130434783;5,623188406
jmndsArgz;jemandes Argumente zerpflücken;0;28;3;3,294117647;-0,852941176;3,926470588;3,058823529;3,441176471;5,088235294;3,264705882;0,088235294;4,308823529
jmndsHrze;jemandes Herz erobern;0;19;3;6,728571429;2,357142857;5,357142857;5,642857143;4,414285714;5,142857143;3,885714286;0,171428571;5,228571429
jmndSidAs;jemandem Sand in die Augen streuen;1;29;6;4,842857143;-1,3;4,314285714;4,6;3,9;4,871428571;3,8;0,685714286;5,271428571
jmndstgBs;jemandes täglich Brot sein;0;23;4;2,957142857;-0,185714286;3,285714286;3,4;3,785714286;4,728571429;3,385714286;0,128571429;4,114285714
jmndudKsl;jemanden über die Klinge springen lassen;1;35;6;5,058823529;-1,147058824;4,455882353;3,897058824;3,823529412;4,823529412;3,5;0,382352941;5,367647059
jmndWadMn;jemandem das Wort aus dem Mund nehmen;0;31;7;1,544117647;-0,191176471;3,647058824;5,205882353;3,617647059;4,794117647;4,029411765;0,058823529;5,5
jmndwerEb;jemanden wie ein rohes Ei behandeln;0;30;6;2,628571429;0,085714286;3,728571429;3,957142857;3,485714286;5,028571429;3,728571429;0,257142857;5,371428571
jmndWidMl;jemandem Worte in den Mund legen;0;27;6;2,328358209;-0,507462687;3,507462687;4,567164179;3,940298507;4,805970149;3,791044776;0,044776119;5,014925373
jmnehNzkg;jemandem eine harte Nuss zu knacken geben;1;35;7;1,753424658;-0,438356164;3,739726027;4,561643836;4,04109589;4,616438356;3,945205479;0,671232877;5,479452055
jmneSzdBw;jemandem einen Stock zwischen die Beine werfen;1;40;7;4,088235294;-1,352941176;4,264705882;3,779411765;3,705882353;4,647058824;3,955882353;0,661764706;5,102941176
jmnrdHidH;jemandem rutscht das Herz in die Hose;0;31;7;3,550724638;-1,231884058;5,144927536;5,202898551;3,855072464;5,057971014;4,173913043;0,144927536;5,710144928
JthwdSlt!;Jetzt haben wir den Salat!;1;22;5;4,042253521;-0,915492958;4,056338028;4,408450704;3,267605634;4,76056338;3,746478873;0,61971831;5
klnBrtchb;kleine Brötchen backen;1;20;3;2,304347826;0,15942029;2,884057971;3,956521739;3,347826087;4,391304348;3,782608696;0,695652174;4,492753623
Klrschffm;Klarschiff machen;1;16;2;2,685714286;1,085714286;3,414285714;4,057142857;3,657142857;5,085714286;3,4;0,185714286;4,771428571
Klrtxtrdn;Klartext reden;0;13;2;3,464788732;1,211267606;4,183098592;4,746478873;4,774647887;4,154929577;3,464788732;0,295774648;5,042253521
klrwKlsss;klar wie Kloßbrühe sein;1;20;4;3,173913043;1,086956522;3,217391304;4,347826087;3,507246377;4,376811594;3,333333333;0,15942029;4,797101449
kltFssbkm;kalte Füße bekommen;1;17;3;3,47826087;-0,985507246;4,246376812;5,304347826;3,68115942;4,971014493;4,014492754;0,623188406;5,304347826
kltrKffsn;kalter Kaffee sein;1;16;3;3,633802817;-1,267605634;3,661971831;3,014084507;3,225352113;5,042253521;3,295774648;0,338028169;4,394366197
knBltvdMn;kein Blatt vor den Mund nehmen;1;25;6;2,617647059;0,205882353;4,088235294;4,588235294;4,117647059;4,808823529;4;0,470588235;5,573529412
kngrssLcs;keine große Leuchte sein;0;21;4;2,642857143;-0,7;3,628571429;4,042857143;3,442857143;4,914285714;3,428571429;0,171428571;4,871428571
kngtsHael;kein gutes Haar an etwas lassen;0;26;6;4,588235294;-1,5;4,058823529;3,720588235;3,294117647;4,955882353;3,117647059;0,205882353;4,852941176
knnBckaeh;keinen Bock auf etwas haben;0;23;5;2,478873239;-0,704225352;3,845070423;5,281690141;3,901408451;4,957746479;3;0,309859155;5,478873239
knnCnidHh;keinen Cent in der Hose haben;1;24;6;4,614285714;-1,642857143;3,671428571;5,085714286;5,371428571;3,342857143;4,314285714;0,714285714;5,485714286
knnFngrkm;keinen Finger krumm machen;1;23;4;2,942857143;-0,657142857;3,328571429;4,1;4,128571429;4,485714286;3,757142857;0,314285714;5,185714286
knnFssbrw;keinen Fußbreit weichen;1;21;3;2,785714286;-0,614285714;3,4;3,485714286;3,314285714;4,6;3,657142857;0,414285714;4,485714286
knnHndsct;keinen Handschlag tun;1;19;3;2,768115942;-0,594202899;3,782608696;4,115942029;3,942028986;4,144927536;3,565217391;0,463768116;5,014492754
knnPfnnmh;keinen Pfennig mehr haben;1;22;4;4,671428571;-1,757142857;3,9;4,914285714;5,228571429;3,6;4,114285714;0,885714286;5,214285714
knrFlgezt;keiner Fliege etwas zuleide tun;1;27;5;6,267605634;2,014084507;4,126760563;5,281690141;4,267605634;4,647887324;3,746478873;0,563380282;5,225352113
knunbscBs;kein unbeschriebenes Blatt sein;0;28;4;2,647887324;0,169014085;3,492957746;4,830985915;3,76056338;4,76056338;3,521126761;0,169014085;4,591549296
Kpfrllnls;Köpfe rollen lassen;0;17;3;4,814285714;-1,357142857;4,628571429;4,042857143;3,942857143;5,228571429;3,928571429;0,442857143;4,857142857
Kredfrssn;Kreide fressen;1;13;2;4,149253731;-0,776119403;3,701492537;3,507462687;3,029850746;5,179104478;3,955223881;0,626865672;4,835820896
Lftschlsb;Luftschlösser bauen;0;18;2;3;0,742857143;3,557142857;3,7;3,042857143;5,085714286;3,328571429;0,1;4,757142857
lngFngrmc;lange Finger machen;0;17;3;3,347826087;-1;3,710144928;3,275362319;3,449275362;4,927536232;4,072463768;0,231884058;4,927536232
Mffnssnbk;Muffensausen bekommen;0;20;2;2,848484848;-0,848484848;4,151515152;3,348484848;3,333333333;5,196969697;3,136363636;0,075757576;4,939393939
mnTgsndgz;meine Tage sind gezählt;1;22;4;5,257142857;-1,457142857;4,528571429;4,942857143;4,357142857;4,871428571;3,5;0,228571429;5,142857143
mrflleSvH;mir fällt ein Stein vom Herzen;0;25;6;6,450704225;2,14084507;5,492957746;5,338028169;4,056338028;5,267605634;3,591549296;0,197183099;5,577464789
mtbdnBiLs;mit beiden Beinen im Leben stehen;0;28;6;5,128571429;1,9;3,685714286;4,471428571;4,342857143;4,485714286;3,585714286;0,242857143;5,4
mtdmlnkFa;mit dem linken Fuß aufstehen;1;24;5;4,042857143;-1,214285714;4,414285714;5,542857143;3,9;4,528571429;4,128571429;0,585714286;5,457142857
mtdnHhnra;mit den Hühnern aufstehen;1;22;4;3,042253521;0,704225352;3,154929577;4,661971831;4,281690141;4,366197183;4,098591549;0,61971831;5,661971831
mtegLiMgs;mit einem goldenen Löffel im Mund geboren sein;0;39;8;4,736111111;0,847222222;3,444444444;4,180555556;4,083333333;5,097222222;3,888888889;0,194444444;4,916666667
mtEnglszr;mit Engelszungen reden;0;20;3;2,871428571;0,785714286;4,085714286;3,428571429;3,3;4,471428571;3,857142857;0,1;4,942857143
mtenmbAdk;mit einem blauen Auge davon kommen;1;29;6;3,085714286;0,885714286;3,985714286;5,114285714;4,371428571;4,671428571;4,142857143;0,642857143;5,585714286
mtenmBiGs;mit einem Bein im Grab stehen;1;24;6;4,828571429;-1,542857143;4,585714286;5,185714286;4,428571429;5,1;3,714285714;0,614285714;5,357142857
mtenmFiGs;mit einem Fuß im Grabe stehen;1;24;6;4,842857143;-1,071428571;4,171428571;4,142857143;4,1;4,471428571;4,257142857;0,585714286;4,928571429
mtetwshBh;mit etwas hinterm Berg halten;0;25;5;2,830985915;-0,633802817;3,845070423;4,225352113;3,507042254;5,126760563;3,591549296;0,295774648;4,915492958
mtflschKs;mit falschen Karten spielen;1;24;4;4,724637681;-0,956521739;4,072463768;4,579710145;4,101449275;4;3,405797101;0,695652174;5,043478261
mtgspltZs;mit gespaltener Zunge sprechen;0;27;4;3,449275362;-1,188405797;3,594202899;3,884057971;3,347826087;5,101449275;3,898550725;0,217391304;4,724637681
mtjmeHzrh;mit jemandem ein Hühnchen zu rupfen haben;1;35;7;3,720588235;-1,044117647;4,426470588;4,970588235;3,794117647;5,073529412;3,558823529;0,191176471;5,323529412
mtjmnagFs;mit jemandem auf gutem Fuß stehen;0;28;6;5,535211268;1,957746479;4,070422535;4,309859155;4,112676056;5,014084507;3,436619718;0,281690141;5,23943662
mtjmndrTm;mit jemandem reinen Tisch machen;1;28;5;3,680555556;1,319444444;3,972222222;4,847222222;4,041666667;4,861111111;3,444444444;0,402777778;5,375
mtjmnKuMs;mit jemandem Katz und Maus spielen;1;29;6;2,323943662;-0,661971831;3,690140845;4,535211268;3,985915493;4,957746479;3,732394366;0,394366197;4,492957746
mtjmnueDs;mit jemandem unter einer Decke stecken;1;33;6;2,887323944;0,23943662;3,647887324;5,112676056;3,845070423;5,014084507;3,661971831;0,591549296;5,169014085
mtjmnuvAs;mit jemandem unter vier Augen sprechen;0;33;6;1,408450704;0,056338028;3,535211268;5,718309859;4,633802817;4,098591549;4,028169014;0,464788732;5,605633803
mtlrnHndz;mit leeren Händen zurückkommen;1;27;4;4,027777778;-1,5;3,805555556;5,041666667;5,041666667;3,611111111;4,333333333;0,722222222;5,069444444
mtPknunTd;mit Pauken und Trompeten durchfallen;1;32;5;3,294117647;-1;4,382352941;3,617647059;3,75;5,161764706;3,794117647;0,294117647;4,529411765
mtsnmLaEs;mit seinem Latein am Ende sein;1;25;6;3,828571429;-1,257142857;4,085714286;4,557142857;3,557142857;5,271428571;3,114285714;0,228571429;5,042857143
mtvrdckKs;mit verdeckten Karten spielen;1;26;4;2,308823529;-0,338235294;3,558823529;4,338235294;4,191176471;4,661764706;3,529411765;0,617647059;5,235294118
nchGldstn;nach Geld stinken;0;15;3;4,95890411;-1,095890411;3,835616438;4,712328767;4,698630137;4,794520548;4,068493151;0,287671233;5,684931507
nchgrhdOs;noch grün hinter den Ohren sein;0;26;6;2,521126761;-0,830985915;3,690140845;4,732394366;3,816901408;5,154929577;4,070422535;0,394366197;5,211267606
nchindnSs;noch in den Sternen stehen;0;22;5;1,732394366;0,183098592;3,633802817;4,450704225;3,197183099;5,084507042;3,169014085;0,14084507;5,253521127
nchindnWs;noch in den Windeln stecken;1;23;5;3,112676056;-0,605633803;3,732394366;4,549295775;5,084507042;3,591549296;4,352112676;0,873239437;5,028169014
nchjWadGl;nicht jedes Wort auf die Goldwaage legen;0;34;7;2,242857143;0,271428571;3,485714286;3,7;3,642857143;4,957142857;3,371428571;0,4;4,857142857
nchtaTiSh;nicht alle Tassen im Schrank haben;1;29;6;6,084507042;-1,464788732;4,563380282;5,126760563;3,661971831;4,957746479;4;0,661971831;5,338028169
nchtdrHls;nicht der Hellste sein;0;19;4;3,955882353;-1,25;3,794117647;4,617647059;3,676470588;5,132352941;3,485294118;0,279411765;5,058823529
nchtgnzds;nicht ganz dicht sein;0;18;4;4,056338028;-1,436619718;4,394366197;5,112676056;3,985915493;4,676056338;3,394366197;0,211267606;5,591549296
nchtrchtt;nicht richtig ticken;0;18;3;4,847222222;-1,625;4,138888889;5,583333333;4,805555556;4,652777778;3,75;0,513888889;5,513888889
nchtudeTh;nicht über den eigenen Tellerrand hinausgucken;1;41;6;2,303030303;-0,181818182;3,742424242;3,575757576;3,621212121;5,075757576;3,696969697;0,303030303;4,742424242
nchtudhBr;nicht um den heißen Brei reden;0;25;6;3,2;0,714285714;3,757142857;4,985714286;3,714285714;5,242857143;3,9;0,257142857;5,171428571
nchtvngss;nicht von gestern sein;1;19;4;2,550724638;0,869565217;3,579710145;5,594202899;4,101449275;4,797101449;3,608695652;0,31884058;4,724637681
nchVrrtrc;nach Verrat riechen;0;17;3;4,417910448;-1,253731343;4,313432836;4,104477612;4,089552239;4,597014925;3,746268657;0,059701493;4,791044776
nhamWssgs;nah am Wasser gebaut sein;1;21;5;2,47826087;0,333333333;4,028985507;3,985507246;3,246376812;5,115942029;3,31884058;0,463768116;5,086956522
nrBhnhfvr;nur Bahnhof verstehen;0;19;3;3,111111111;-0,916666667;3,527777778;5,472222222;3,458333333;4,75;3,638888889;0,222222222;5,708333333
nrHtundKs;nur Haut und Knochen sein;0;21;5;3,857142857;-1,057142857;3,742857143;4,928571429;4,428571429;4,385714286;4;0,242857143;5,6
nrnceSsss;nur noch ein Schatten seiner selbst sein;0;34;7;3,898550725;-1,202898551;4,507246377;4,173913043;3,971014493;5,130434783;3,188405797;0,115942029;5,173913043
nrStrhiKh;nur Stroh im Kopf haben;0;19;5;6,534246575;-2,095890411;4,356164384;5,438356164;4,205479452;4,863013699;3,589041096;0,205479452;5,273972603
NrvnasSth;Nerven aus Stahl haben;0;19;4;5,231884058;1,724637681;4,31884058;5,173913043;4,333333333;4,753623188;3,391304348;0,115942029;5,565217391
NrvnwDrhh;Nerven wie Drahtseile haben;0;24;4;4,887323944;1,422535211;4,126760563;4,943661972;3,929577465;5,056338028;3,788732394;0,098591549;5,281690141
ohnmtdWzz;ohne mit der Wimper zu zucken;1;24;6;3,157142857;0,157142857;4,142857143;5,071428571;3,871428571;4,471428571;3,142857143;0,5;5,114285714
OlinsFrgs;Öl ins Feuer gießen;1;16;4;5,4;-1,628571429;4,485714286;4,742857143;4,957142857;4,014285714;4,471428571;0,942857143;5,485714286
ordneidKh;ordentlich einen in der Krone haben;0;30;6;4,441176471;-1,147058824;3,794117647;3,764705882;3,441176471;5,147058824;3,367647059;0,044117647;4,735294118
PfffrimHh;Pfeffer im Hintern haben;1;21;4;4,220588235;0,661764706;4,308823529;4,397058824;3,279411765;4,897058824;3,367647059;0,382352941;4,941176471
PrlnvrdSw;Perlen vor die Säue werfen;1;22;5;3,867647059;-1,132352941;4,161764706;3,235294118;3,264705882;5,323529412;4;0,529411765;4,514705882
rtZhlnsch;rote Zahlen schreiben;1;19;3;5,277777778;-1,555555556;4,083333333;4,277777778;3,555555556;4,625;3,763888889;0,666666667;4,777777778
schafdLpb;sich auf die Lippe beißen;1;21;5;2,768115942;-0,188405797;3,942028986;4,608695652;4;3,68115942;4,376811594;0,724637681;4,869565217
schafdnEb;sich auf dünnem Eis bewegen;1;23;5;4,414285714;-1,242857143;4,057142857;4,785714286;4,557142857;4,085714286;4,185714286;0,671428571;5,685714286
schafdScm;sich auf die Socken machen;1;22;5;3,056338028;0,38028169;3,464788732;4,887323944;3,746478873;5,323943662;3,338028169;0,197183099;4,957746479
schafenGb;sich auf einer Gratwanderung befinden;0;33;5;2;0;3,545454545;3,242424242;3,151515152;4,878787879;3,060606061;0,287878788;4,439393939
schafhlWt;sich auf halbem Weg treffen;1;23;5;2,971428571;1,228571429;3,171428571;4,571428571;4,685714286;4,471428571;4,071428571;0,685714286;5,342857143
schafsnLa;sich auf seinen Lorbeeren ausruhen;1;30;5;2,6;0,085714286;3,757142857;3,857142857;3,657142857;5,242857143;3,657142857;0,257142857;5,285714286
schafsOhl;sich aufs Ohr legen;1;16;4;2,246376812;0,710144928;3,115942029;5,057971014;4,173913043;4,391304348;4,420289855;0,652173913;5,391304348
schafsvBs;sich auf seine vier Buchstaben setzen;0;32;6;1,666666667;0,275362319;3,028985507;3,710144928;3,246376812;5,144927536;3,52173913;0,15942029;4,927536232
schamRmnr;sich am Riemen reißen;0;18;4;3,071428571;0,557142857;3,714285714;3,671428571;3,8;5,085714286;3,685714286;0,171428571;5,114285714
schasdmSm;sich aus dem Staube machen;1;22;5;2,085714286;-0,4;3,542857143;4,971428571;3,528571429;4,928571429;3,585714286;0,114285714;5,528571429
schdAgnas;sich die Augen ausweinen;0;21;4;4,676056338;-1,605633803;4,957746479;5,056338028;5,225352113;3,76056338;4,338028169;0,535211268;5,253521127
schdBidBs;sich die Beine in den Bauch stehen;0;28;7;1,971014493;-0,608695652;3,463768116;4;3,68115942;5,115942029;3,68115942;0,202898551;5,376811594
schdLadHs;sich die Lunge aus dem Hals schreien;0;30;7;3,142857143;-0,628571429;4,785714286;4,342857143;4,4;4,671428571;4,114285714;0,1;5,1
schdmmudr;sich dumm und dämlich reden;0;23;5;4,2;-0,714285714;3,957142857;3,985714286;3,8;4,285714286;3,957142857;0,314285714;4,857142857
schdnArsa;sich den Arsch aufreißen;0;21;4;4,014084507;-0,408450704;4,802816901;5,169014085;3,873239437;4,661971831;4,267605634;0,309859155;5,774647887
schdnBchv;sich den Bauch vollschlagen;0;24;4;2,528571429;0,842857143;3,528571429;4,742857143;4,242857143;4,757142857;3,942857143;0,385714286;5,142857143
schdnKuez;sich den Kopf über etwas zerbrechen;0;30;6;3,563380282;-0,802816901;4,549295775;5,154929577;4,352112676;4,746478873;3,450704225;0,281690141;5,450704225
schdnMnfr;sich den Mund fusselig reden;0;24;5;2,746478873;-0,436619718;3,591549296;3,478873239;3,633802817;4,943661972;4,14084507;0,126760563;4,492957746
schdnTdhl;sich den Tod holen;0;15;4;4,942857143;-1,114285714;4,628571429;4;3,585714286;4,857142857;3,942857143;0,128571429;5,228571429
schdNudOs;sich die Nacht um die Ohren schlagen;0;30;7;1,695652174;-0,101449275;3,985507246;3,811594203;3,405797101;4,811594203;3,405797101;0,144927536;5,130434783
schdRdvua;sich die Radieschen von unten anschauen;1;34;6;4,602739726;-1,342465753;4,561643836;3,506849315;3,808219178;5,082191781;4,287671233;0,479452055;4,904109589
schdSprnv;sich die Sporen verdienen;0;22;4;3,15942029;1,217391304;3,289855072;3,144927536;3,52173913;4,333333333;3,724637681;0,15942029;4,550724638
schdWvBnl;sich die Wurst vom Brot nehmen lassen;1;31;7;3,757142857;-1,071428571;3,685714286;3,614285714;3,614285714;4,685714286;4,071428571;0,671428571;4,214285714
schenHrzf;sich ein Herz fassen;0;17;4;4,115942029;1,565217391;5,072463768;4,463768116;3,884057971;5,260869565;3,797101449;0,15942029;5,492753623
schephdBk;sich ein paar hinter die Binde kippen;1;31;7;2,68115942;-0,304347826;3,898550725;3,115942029;3,637681159;4,884057971;3,695652174;0,31884058;4,739130435
schetadFs;sich etwas aus den Fingern saugen;0;28;6;2,101449275;-0,072463768;3,347826087;3,449275362;3,347826087;5,15942029;3,898550725;0,405797101;4,84057971
schetwsse;sich etwas selbst einbrocken;0;25;4;4,414285714;-1,271428571;3,828571429;4,628571429;3,971428571;4,4;3,228571429;0,3;5,242857143
schetwzHn;sich etwas zu Herzen nehmen;0;23;5;3,728571429;0,757142857;4,585714286;5,471428571;3,728571429;5,114285714;3,342857143;0,157142857;5,071428571
schindeTl;sich in die eigene Tasche lügen;1;26;6;4,720588235;-1,485294118;3,764705882;3,558823529;3,647058824;5,176470588;3;0,073529412;4,852941176
schindnAb;sich in den Arsch beißen;0;20;5;3,085714286;-0,857142857;4,142857143;4,871428571;3,6;4,6;3,857142857;0,271428571;4,8
schindnHl;sich in den Haaren liegen;0;21;5;4,485714286;-1,428571429;5,014285714;4,871428571;3,914285714;4,971428571;3,642857143;0,328571429;4,457142857
schindnHt;sich in den Hintern treten;0;22;5;3,205882353;-0,235294118;4,058823529;4,808823529;4,323529412;4,941176471;3,897058824;0,397058824;5,308823529
schinSchs;sich in Schale schmeißen;1;21;4;4,217391304;1,144927536;3,898550725;4,565217391;3,347826087;4,956521739;4,072463768;0,202898551;4,898550725
schinseFs;sich ins eigene Fleisch schneiden;1;29;5;6,602739726;-2,191780822;4,506849315;3,438356164;4,315068493;4,479452055;3,97260274;0,643835616;4,890410959
schinsKns;sich ins Knie schießen;1;19;4;6,260273973;-2,178082192;4,136986301;3,876712329;3,98630137;4,876712329;4,589041096;0,671232877;5,054794521
schinsZgl;sich ins Zeug legen;1;16;4;4,957746479;1,774647887;4,056338028;4,971830986;4,112676056;5,154929577;3,591549296;0,267605634;5,281690141
schjdBvMa;sich jeden Bissen vom Munde absparen;0;31;6;2,855072464;-0,15942029;3,710144928;3,304347826;4,057971014;4,463768116;3,855072464;0,275362319;4,550724638
schjmndns;sich jemanden schöntrinken;0;24;3;1,885245902;0,081967213;3,278688525;3,918032787;4;4,213114754;3,983606557;0,196721311;4,278688525
schjmnzFw;sich jemandem zu Füßen werfen;1;25;5;3,541666667;0,208333333;4,5;4,611111111;3,972222222;4,236111111;4,208333333;0,611111111;4,625
schknBnas;sich kein Bein ausreißen;0;21;4;2,871428571;-0,1;3,514285714;4,257142857;3,4;4,885714286;3,657142857;0,457142857;4,928571429
schlchtKh;schlechte Karten haben;1;20;3;4,614285714;-1,185714286;4,2;4,971428571;4,314285714;4,485714286;3,785714286;0,7;5,271428571
schlchtLh;schlechte Laune haben;0;19;3;4,438356164;-1,506849315;4,260273973;6,02739726;5,479452055;3,397260274;4,479452055;0,616438356;5,424657534
schlfndHw;schlafende Hunde wecken;1;21;3;4,211267606;-0,971830986;4,408450704;4,112676056;3,492957746;4,676056338;4,084507042;0,661971831;5,098591549
SchmttiBh;Schmetterlinge im Bauch haben;0;26;4;7,328571429;2,442857143;5,571428571;5,742857143;3,885714286;5,485714286;3,414285714;0,185714286;5,542857143
schncuuEs;sich nicht um ungelegte Eier sorgen;0;30;6;2,637681159;0,434782609;3,637681159;3,666666667;3,565217391;4,637681159;4,31884058;0,391304348;5,043478261
Schnvngss;Schnee von gestern sein;1;20;4;2,528571429;-0,242857143;3,485714286;5,171428571;4,171428571;4,671428571;3,342857143;0,371428571;5,328571429
schschwra;sich schwarz ärgern;0;17;3;5,352112676;-1,464788732;4,704225352;3,887323944;4,323943662;4,718309859;3,422535211;0,112676056;5,338028169
schsnBrtv;sich seine Brötchen verdienen;0;26;4;5,347222222;1,791666667;3,583333333;5,222222222;4,958333333;4,625;4,277777778;0,847222222;5,708333333
schsnnArv;sich seinen Ärger verbeißen;0;24;4;3,149253731;-0,223880597;3,895522388;3,52238806;3,567164179;4,820895522;3,611940299;0,074626866;4,641791045
schvAidHm;sich vor Angst in die Hose machen;1;27;7;5,577464789;-1,492957746;4,76056338;5,366197183;4,253521127;4,436619718;4,14084507;0,563380282;5,450704225
schvnsnSz;sich von seiner Schokoladenseite zeigen;0;35;5;4,25;1,485294118;3,632352941;5,073529412;4;4,647058824;3,867647059;0,132352941;5,264705882
schweEiPb;sich wie ein Elefant im Porzellanladen benehmen;0;41;7;3,028985507;-0,536231884;3,710144928;3,971014493;4,188405797;4,797101449;3,130434783;0,173913043;5,043478261
schzmTfls;sich zum Teufel scheren;0;20;4;4,913043478;-1,260869565;4,507246377;4,420289855;3,608695652;5,15942029;3,463768116;0,173913043;4,898550725
sckgHwewl;sich keine grauen Haare wegen etwas wachsen lassen;0;43;8;4,985714286;1,071428571;4,142857143;4,857142857;4,528571429;5,128571429;3,842857143;0,3;5,571428571
scmHuFgew;sich mit Händen und Füßen gegen etwas wehren;1;37;8;3,563380282;0,014084507;4,577464789;5,14084507;4,563380282;4,352112676;3,985915493;0,605633803;5,309859155
skmskPuiK;sie kümmern sich keinen Pfifferling um ihre Kinder;0;43;8;7,217391304;-1,884057971;4,739130435;4,231884058;4,652173913;3,623188406;3,550724638;0,188405797;5,289855072
SlzindWns;Salz in die Wunde streuen;1;21;5;6,309859155;-1,802816901;5,028169014;4,830985915;4,61971831;4,61971831;4,14084507;0,676056338;5,267605634
Smnnsgrns;Seemannsgarn spinnen;1;19;2;2,484375;-0,265625;3,765625;2,984375;3,484375;4,890625;3,3125;0,078125;4,96875
snBdnkuBw;seine Bedenken über Bord werfen;0;27;5;3,014285714;0,1;3,914285714;4,157142857;3,514285714;5,028571429;3,314285714;0,142857143;4,657142857
SndinsGts;Sand ins Getriebe streuen;1;22;4;3,591549296;-1,253521127;3,732394366;3,098591549;3,887323944;4,76056338;4,042253521;0,521126761;4,507042254
snFttwgkr;sein Fett wegkriegen;0;18;3;2,585714286;-0,471428571;3,971428571;4,3;3,585714286;4,557142857;3,842857143;0,457142857;4,842857143
snHrzaneh;sein Herz an etwas hängen;0;21;5;3,876712329;1,356164384;4,739726027;4,369863014;3,890410959;5,150684932;3,821917808;0,164383562;5
snHrzerlc;sein Herz erleichtern;0;19;3;4,642857143;1,642857143;4,428571429;4,685714286;3,714285714;4,628571429;3,442857143;0,1;5,371428571
snHrzsprl;sein Herz sprechen lassen;0;22;4;5,15942029;1,420289855;4,782608696;5,072463768;4,391304348;5,217391304;3,913043478;0,043478261;5,304347826
snLbnashc;sein Leben aushauchen;0;19;3;4,926470588;-1,132352941;4,117647059;3,117647059;3,397058824;4,75;3,676470588;0,147058824;4,970588235
snLcnudSs;sein Licht nicht unter den Scheffel stellen;0;37;7;3,092307692;0,538461538;3,538461538;3,353846154;3,523076923;5,276923077;3,646153846;0,246153846;4,738461538
snltztsHv;sein letztes Hemd verlieren;1;24;4;5,492753623;-1,434782609;3,913043478;3,782608696;3,971014493;4,565217391;4,130434783;0,68115942;5,434782609
snNsinets;seine Nase in etwas stecken;1;23;5;3,246575342;-1,136986301;3,890410959;5,863013699;4,328767123;4,534246575;4,219178082;0,671232877;5,726027397
snnSnfdzg;seinen Senf dazugeben;1;19;3;2,565217391;0,15942029;3,971014493;3,985507246;3,753623188;4,956521739;3,913043478;0,550724638;5
snPppnhmk;seine Pappenheimer kennen;0;23;3;2,376811594;0,898550725;3,275362319;3,231884058;3,550724638;5,449275362;3,333333333;0,231884058;4,637681159
snrZtvrss;seiner Zeit voraus sein;0;20;4;4,542857143;1,828571429;3,685714286;4,442857143;4,4;4,771428571;3,571428571;0,214285714;5,271428571
snSchfiTb;seine Schäfchen ins Trockene bringen;1;32;5;4,112676056;1,323943662;3,521126761;3,281690141;3,38028169;4,845070423;3,535211268;0,563380282;4,85915493
snWrtabwg;seine Worte abwägen;0;17;3;2,014705882;0,25;3,323529412;3,176470588;3,544117647;4,441176471;3,455882353;0,132352941;4,544117647
snWrtbrch;sein Wort brechen;0;15;3;5,732394366;-1,816901408;4,492957746;4,985915493;4,295774648;4,647887324;3,394366197;0,154929577;5,295774648
snZngimZh;seine Zunge im Zaum halten;0;22;5;2,771428571;0,285714286;3,528571429;4,314285714;3,557142857;5,057142857;3,5;0,214285714;5,171428571
Ssshlzrsp;Süßholz raspeln;1;14;2;2,5;0,676470588;3,338235294;3,794117647;3,161764706;4,985294118;3,014705882;0,323529412;4,794117647
StrhimKph;Stroh im Kopf haben;0;16;4;4,676056338;-1,661971831;4;5,549295775;4,14084507;4,971830986;3,521126761;0,197183099;5,521126761
strkwenBs;stark wie ein Bär sein;0;18;5;5,197183099;1,647887324;4,436619718;4,647887324;4,591549296;3,915492958;4,183098592;0,225352113;5,394366197
strwenBcs;stur wie ein Bock sein;0;18;5;3,972222222;-1,25;4,458333333;5,25;5,138888889;4,347222222;3,638888889;0,430555556;5,513888889
tbnOhrnpr;tauben Ohren predigen;1;19;3;3;-0,714285714;3,5;3,757142857;4,028571429;4,371428571;4,028571429;0,3;5,385714286
Trbslblsn;Trübsal blasen;0;13;2;3,549295775;-1,042253521;4,112676056;4,098591549;3,971830986;4,647887324;3,774647887;0,225352113;4,929577465
tsndTdstr;tausend Tode sterben;0;18;3;6,098591549;-1,732394366;5,38028169;3,957746479;3,985915493;4,577464789;3,23943662;0,14084507;4,478873239
ttlblnksn;total blank sein;0;14;3;3,61971831;-1,056338028;3,718309859;4,507042254;4,028169014;4,746478873;3,14084507;0,295774648;5,028169014
ubrallBrs;über alle Berge sein;0;17;4;2,788732394;0,253521127;3,591549296;5,126760563;3,901408451;4,338028169;3,732394366;0,521126761;5,295774648
ubrdmBrgs;über dem Berg sein;1;15;4;3,819444444;1,013888889;3,638888889;4,958333333;4,041666667;4,361111111;3,708333333;0,652777778;5,375
ubrdnJrdg;über den Jordan gehen;0;18;4;4,289855072;-0,724637681;3,52173913;3,115942029;3,15942029;5,072463768;3,666666667;0,391304348;4,666666667
ubrdRndnk;über die Runden kommen;0;19;4;3,176470588;0,617647059;3,955882353;4,5;3,558823529;4,882352941;3,308823529;0,352941176;4,691176471
ubrGtudWr;über Gott und die Welt reden;1;23;6;2,478873239;0,394366197;2,929577465;3,507042254;3,394366197;4,112676056;4,197183099;0,591549296;4,676056338
ubrsOhrgw;übers Ohr gehauen werden;1;21;4;5,285714286;-1,171428571;4,428571429;4,971428571;3,985714286;5,042857143;3,542857143;0,571428571;5,071428571
Ubrstndns;Überstunden schieben;0;19;2;2,457142857;0,057142857;3,171428571;4,971428571;4,528571429;3,557142857;3,871428571;0,442857143;4,542857143
ubrTdunTr;über Tod und Teufel reden;1;21;5;3,117647059;-0,264705882;3,970588235;3,897058824;3,911764706;4,617647059;3,529411765;0,514705882;4,970588235
unstrblvs;unsterblich verliebt sein;0;23;3;5,718309859;1,85915493;5,056338028;5,38028169;4,676056338;4,352112676;3,605633803;0,14084507;5,183098592
untrjmnPs;unter jemandes Pantoffel stehen;0;28;4;3,171428571;-1,142857143;3,9;3,3;3,371428571;5,5;3,457142857;0,2;5,157142857
vllgasdHs;völlig aus dem Häuschen sein;1;24;5;5,042857143;0,842857143;5,157142857;5,585714286;3,971428571;4,571428571;3,285714286;0,214285714;4,885714286
vllsnwenL;voll sein wie ein Loch;0;18;5;2,985294118;-0,514705882;3,661764706;3,617647059;3,529411765;5,044117647;3,882352941;0,161764706;4,455882353
vlumdOhrh;viel um die Ohren haben;1;19;5;1,95890411;-0,287671233;3,287671233;5,506849315;3,904109589;4,945205479;3,863013699;0,438356164;5,643835616
vmRgnidTk;vom Regen in die Traufe kommen;1;25;6;3,910447761;-0,417910448;4,23880597;3,28358209;3,388059701;4,880597015;3,28358209;0,268656716;5,164179104
vmTdgzchs;vom Tode gezeichnet sein;0;21;4;5,191176471;-1,220588235;4,794117647;3,823529412;3,970588235;5,308823529;4,117647059;0,161764706;4,808823529
vndrHidMl;von der Hand in den Mund leben;0;24;7;3,314285714;-0,971428571;3,714285714;3,514285714;3,385714286;5,314285714;3,971428571;0,157142857;4,985714286
vndrSttzl;von der Stütze leben;0;17;4;2,176470588;-0,382352941;3,455882353;3,161764706;3,75;4,705882353;3,794117647;0,205882353;4,455882353
vnLftunLl;von Luft und Liebe leben;0;20;5;3,944444444;0,416666667;4,236111111;5,111111111;4,083333333;4,916666667;3,402777778;0,222222222;5,069444444
vorWtkchn;vor Wut kochen;0;12;3;5,802816901;-2,084507042;5,323943662;5,408450704;4,563380282;5,267605634;3,605633803;0,112676056;5,577464789
vrdHndghn;vor die Hunde gehen;0;16;4;5,904109589;-1,575342466;4,424657534;4,109589041;3,712328767;4,808219178;3,520547945;0,657534247;4,835616438
vrFlhtstn;vor Faulheit stinken;0;18;3;6,493150685;-2,136986301;4,287671233;5,123287671;5,246575342;4,753424658;4,095890411;0,356164384;5,246575342
vrFrdstrh;vor Freude strahlen;0;17;3;7,6;2,085714286;5,128571429;5,2;4,971428571;4,271428571;3,728571429;0,171428571;5,414285714
vrNdpltzn;vor Neid platzen;0;14;3;5,084507042;-1,591549296;4,915492958;5,436619718;4,281690141;4,802816901;3,816901408;0,14084507;5,169014085
vrWtdWndh;vor Wut die Wand hochgehen;0;22;5;6,611111111;-2,111111111;5,541666667;4,805555556;4,180555556;5,125;3,722222222;0,208333333;5,041666667
vrWtschmn;vor Wut schäumen;0;14;3;5,285714286;-1,628571429;5,185714286;4,214285714;4,4;4,842857143;3,814285714;0,185714286;5,271428571
wasdmEgps;wie aus dem Ei gepellt sein;0;22;6;5,125;1,513888889;3,625;3,861111111;3,75;5,083333333;3,513888889;0,222222222;4,708333333
wdFstafAp;wie die Faust aufs Auge passen;0;25;6;3,14084507;0,971830986;3,76056338;4,422535211;3,943661972;4,873239437;4,112676056;0,323943662;5,507042254
wdMdimSpl;wie die Made im Speck leben;0;22;6;3,805970149;0,373134328;3,820895522;3,432835821;3,417910448;5,194029851;3,298507463;0,089552239;5,059701493
wdrafdBnk;wieder auf die Beine kommen;1;23;5;5,871428571;2,185714286;4,914285714;5,928571429;4,685714286;4,114285714;4,528571429;0,785714286;5,6
wdrafdmDs;wieder auf dem Damm sein;1;20;5;3,869565217;0,942028986;3,811594203;3,550724638;3,304347826;5,202898551;3,536231884;0,333333333;4,608695652
wdrFlsnFs;weder Fleisch noch Fisch sein;1;25;5;2,02739726;-0,712328767;3,082191781;2,547945205;3;5,383561644;3,164383562;0,369863014;4,273972603
wdrHndnFh;weder Hand noch Fuß haben;1;21;5;3,915492958;-1,154929577;3,690140845;3,718309859;3,070422535;4,873239437;3,676056338;0,549295775;4,647887324
wenBmbens;wie eine Bombe einschlagen;0;23;4;2,805555556;-0,305555556;4,958333333;5,263888889;4,375;4,555555556;3,847222222;0,597222222;5,402777778
wenEslvBs;wie ein Esel vorm Berg stehen;1;24;6;3,309859155;-0,943661972;3,704225352;3,408450704;3,887323944;4,845070423;2,915492958;0,422535211;4,436619718
wenFsciWs;wie ein Fisch im Wasser sein;1;23;6;5,471428571;1,814285714;3,942857143;4,314285714;4;4,942857143;3,642857143;0,4;5,2
wenGrbsch;wie ein Grab schweigen;0;19;4;1,985714286;0,471428571;3,714285714;5,085714286;4,142857143;4,985714286;4,242857143;0,214285714;5,5
wenHngkcg;wie ein Honigkuchenpferd grinsen;0;29;4;4,811594203;1,507246377;4,405797101;3,898550725;3,869565217;4,739130435;3,927536232;0,246376812;4,811594203
wenLchsfn;wie ein Loch saufen;0;16;4;4,771428571;-1,657142857;4,3;3,671428571;4;5,1;3,5;0,085714286;5,071428571
wenSchlsh;wie ein Schlosshund heulen;1;23;4;3,7;-1,157142857;4,728571429;3,4;3,485714286;4,842857143;3,814285714;0,385714286;4,557142857
wgschmrtl;wie geschmiert laufen;1;19;3;5,246376812;1,623188406;4,260869565;4,68115942;4,231884058;4,536231884;3,739130435;0,347826087;5,231884058
wGttinFrl;wie Gott in Frankreich leben;0;24;5;5,972222222;1,972222222;4,333333333;3,222222222;3,694444444;4,819444444;3,375;0,263888889;4,944444444
wvmBltzgs;wie vom Blitz getroffen sein ;1;24;6;2,710144928;-0,246376812;4,376811594;4,608695652;3,927536232;4,884057971;3,985507246;0,449275362;5,376811594
wwrmSmmlw;wie warme Semmeln weggehen;1;23;4;3,971428571;0,971428571;3,657142857;3,828571429;3,5;4,685714286;3,414285714;0,285714286;5,057142857
zahwLdrsn;zäh wie Leder sein;0;15;4;3,6;1,057142857;3,714285714;3,9;4,114285714;4,471428571;3,542857143;0,2;4,942857143
zhchfrjms;zu hoch für jemanden sein;1;21;5;3,23943662;-0,394366197;3,943661972;4,352112676;3,661971831;5,028169014;4;0,605633803;4,788732394
zmStnrwch;zum Steinerweichen heulen;0;23;3;2,925373134;-0,626865672;4,402985075;3,044776119;3,388059701;4,76119403;4,119402985;0,134328358;4,865671642
zrFlschgr;zur Flasche greifen;1;17;3;4,126760563;-1,084507042;4,014084507;4,549295775;4,661971831;4,225352113;3,887323944;0,732394366;5,169014085
zwFlgmeKs;zwei Fliegen mit einer Klappe schlagen;1;33;6;5,112676056;1,394366197;3,647887324;5,338028169;4,211267606;4,436619718;3,563380282;0,690140845;5,591549296
zwglsgfhr;zweigleisig fahren;0;17;2;3,916666667;-0,166666667;3,5;3,888888889;3,805555556;4,402777778;3,569444444;0,402777778;4,916666667
zwlnkHndh;zwei linke Hände haben;0;19;4;2,492753623;-0,869565217;3,739130435;5,579710145;4,217391304;4,942028986;4,028985507;0,260869565;5,710144928
